path,class,bytes,sha256,package_recommendation
external/mibench_download/network.tar.gz,source_or_note,470094,e23b6b744ad3056a0e6f4674c9a867007d99a1bb11306e3803813c0734cdcae2,include-in-minimal-package
external/mibench_network/network/patricia/LICENSE,source_or_note,72,68d40feb2abbfdeb1aeacac85045d3925c507b213ce2f208c006644eff09df65,include-in-minimal-package
external/mibench_network/network/patricia/large.udp,source_or_note,1514237,07d04080d9aaf1587bbbd76b282e1b2e8614ae68d135d840ebfca63261faecaf,include-in-minimal-package
external/mibench_network/network/patricia/patricia.c,workload_source,7040,3ae5993c32ab8f53dd2b76fcd82012a090b98eb1de9c27b86afe33c724266ed0,include-in-minimal-package
external/mibench_network/network/patricia/patricia.h,workload_source,1590,8cbd4e20fb4ee57cd777b7d4f7eb3e8ab0945c0f30598a2ce4824f3de68ab131,include-in-minimal-package
external/mibench_network/network/patricia/small.udp,source_or_note,251969,ed0c6a4791b07cad17bdff92893467c1b07f4d33014c3db6989a830408e37681,include-in-minimal-package
research/ARTIFACT_MAP.md,source_or_note,4848,08b472c54fedcb170992da1066dbfa26ed1296880cf239528f83c3ed7eb8d48b,include-in-minimal-package
research/CONFERENCE_READINESS_DASHBOARD.md,source_or_note,7036,ce6fe0ca80d5d51d6f55e1f07738919ca79a2d133defdb9832ddb9534b0baa76,include-in-minimal-package
research/COPPER_AMBA_CHI_ACE_EVENT_MAP_20260619.md,source_or_note,6938,5e612d00a84f525e51c06ea05a5e1df97203de0e1b7d9955126874089a7be6d8,include-in-minimal-package
research/COPPER_ARTIFACT_REPRODUCTION_GUIDE.md,paper_or_reproduction_doc,3664,aabb21586e255b19daaf726ad0163ad19650e3dc0c1195f3e1dbe4d930db75a2,include-in-minimal-package
research/COPPER_CLAIM_LEDGER.md,source_or_note,10438,e61c7ac25e6125efde42a687f455498d743d36c3d823afa97a056fbfe20a454e,include-in-minimal-package
research/COPPER_DOCX_QA.md,source_or_note,13190,c0110d089e5afda8beeb592f991e6386135d7f1369f7ef0cf708d761f2938408,include-in-minimal-package
research/COPPER_ENVIRONMENT_ARTIFACT_MANIFEST_20260619.md,paper_or_reproduction_doc,5389,4c60ebe4eee61ab14b82c2b81c119edae3059bbd9b876189da75751a2718517b,include-in-minimal-package
research/COPPER_FINAL_OUTPUT.md,paper_or_reproduction_doc,105888,2b0236e887a0888ee5aee1e82a01061456d6d0a459dac573697f346f484f094f,include-in-minimal-package
research/COPPER_FINAL_REVIEWER_REPORT.md,source_or_note,8281,a0a5213cd21280b7f402fb2b053d6b58bbe07f4968d593c6d8ca42c5484b9b23,include-in-minimal-package
research/COPPER_FINAL_SUBMISSION_BLOCKERS.md,source_or_note,3622,0045d83545927cf7cd6911f2786af46bc20b4f1819670a81368b4bd94bfe97ea,include-in-minimal-package
research/COPPER_FREE_RUN_RESULTS.md,source_or_note,32147,81ea5b90a3f54a628345df8c590e7cfa3afddef7034c3dfc17dafd8e31b54626,include-in-minimal-package
research/COPPER_FULL_PAPER.md,paper_or_reproduction_doc,169879,478934f4a69d6d2aad62fa1563de944f128143247882c3199247302c8bf725e9,include-in-minimal-package
research/COPPER_NOTE.md,source_or_note,7316,f3c6fd7d5dc8c8048c7e9ac40dd4811ae57f4bd0260f39c351ee2ae0c3c450ce,include-in-minimal-package
research/COPPER_PAPER_EVAL.md,source_or_note,9626,e3db1e1a83a0b86dd15c4e60080f9f3c11ba6fea96958d04c39c52c5de7be1b5,include-in-minimal-package
research/COPPER_PRIOR_ART.md,source_or_note,16124,367b3ace2f18620ecf4e1836fcec47b5be6674d6765e7713d946efa50ced8621,include-in-minimal-package
research/COPPER_RELATED_WORK_MATRIX.md,source_or_note,2432,15e500aac16bcd3e92adb1f6bef0dd085227a7153f8605709b77ab4d5d084f05,include-in-minimal-package
research/COPPER_SCOOP_DOCX_QA.md,source_or_note,1354,9fd21c2e433f2d3a29ffa510c089abc5f282db89b6aa88b4027bf9940d4871f4,include-in-minimal-package
research/COPPER_STRONGER_CLAIM_BLOCKERS.md,source_or_note,5024,bfa2e8a1becd8c6f7892aac7cae7b5bdeed992ec2d5379141fdfec8153195e65,include-in-minimal-package
research/COPPER_SUBMISSION_RESTRUCTURED.md,source_or_note,29437,7f3da2d62c96aee5ae486265efb8015ce0b28b708bcb1a083f533e55ad6aa0fa,include-in-minimal-package
research/COPPER_SYNCHRONIZED_HARDWARE_EVIDENCE_REPORT.md,source_or_note,14541,1e8d6d0586bad254cc6fc0ca48203fe1868892173fe2aa0d56e7abd3fe0cb09f,include-in-minimal-package
research/COPPER_VALIDATION_REPORT.md,source_or_note,9544,738dcc00418077b795695be194d36dbe998644dfc109614b8dd47317e0a6a23b,include-in-minimal-package
research/COPPER_VIVADO_SUMMARY.md,source_or_note,21037,2bbbdf86e2307fdebb3fe96a01a317814a9ab618baf96b6bc22e8861c93fb1cb,include-in-minimal-package
research/aarch64_c_kernel_suite.c,workload_source,5562,60e5d42ddaa7c87cb86d0c4aa5294724cbdd0672bcc84d99c53694e79090f617,include-in-minimal-package
research/aarch64_cache_service_workload.c,workload_source,10266,ea85c523e676df583118c1bbce43f670a8ae83cfd90867ccb70413e775a7123b,include-in-minimal-package
research/aarch64_dmp_oracle_probe.cc,workload_source,5976,8cda00083259d8ac4da8a6293c60582453a1a71e69ad9b456d48f77796e65ff5,include-in-minimal-package
research/aarch64_duktape_object_workload.c,workload_source,4866,4e0b700374c9c7fe6280745bcc3faeeaa9014de8c1be3ba40bb9a163e454bd17,include-in-minimal-package
research/aarch64_expat_xml_workload.c,workload_source,10384,469608e972988b977ca3b472b99a8016c52b7691a7a3688a0f8ba89b4a5aef08,include-in-minimal-package
research/aarch64_freestanding_smoke.c,workload_source,720,fa32f5cb9f2095249fd9fea7d6d7382bfefa00522802220b7c321320a415d9e3,include-in-minimal-package
research/aarch64_gapbs_mini_suite.c,workload_source,7204,fc33193c1ecc393087d6d1fc91d882a03a3a85529ef4efbf1b16a1e3af7e33c9,include-in-minimal-package
research/aarch64_heap_pointer_roi_stress.cc,workload_source,4163,7998e32c0e2328e49f629ed29a632c04d53a5dc3219e6348c4d64e939744a29d,include-in-minimal-package
research/aarch64_heap_pointer_stress.cc,workload_source,3175,3cf9be71e72b5da18abb99010afd422326c24165af00ddd548775a61d2aa23c1,include-in-minimal-package
research/aarch64_json_sqlite_ingest_workload.c,workload_source,12422,bb5a5172149917a011f206921b00e2a8e1227663ea2fe8f13bf5c848052cf041,include-in-minimal-package
research/aarch64_libarchive_tar_workload.c,workload_source,11131,6409d9fca8b05e8f94f4fba469be32d9401da107d9bf99add30ac0b6312dee4c,include-in-minimal-package
research/aarch64_libxml2_xml_workload.c,workload_source,8522,844edabc42557544f0f12b66a90494ce9ca0e1b4719773d9f75e0494b03fe9e2,include-in-minimal-package
research/aarch64_lua_table_workload.c,workload_source,4521,fb0488ffdbad5ea01fcc637a5c0b115a527763768ff1aa6dead641bdbf61b60f,include-in-minimal-package
research/aarch64_mibench_patricia_workload.c,workload_source,7091,ab03965a321ed465d259073b826e85673b23001fa068295d20dfb17b2accf23c,include-in-minimal-package
research/aarch64_openssl_crypto_suite_workload.c,workload_source,13129,10103515c829508d5e5e04917bd736b47a2608d68ca175513334ece71ab60bd5,include-in-minimal-package
research/aarch64_openssl_sha_service_workload.c,workload_source,10379,6d314e8b1949eec64e8dcc9e49161e0a0dbf4c2aa575b2dbe44ab66f426f26a2,include-in-minimal-package
research/aarch64_openssl_speedlike_workload.c,workload_source,8460,de009c040ba89746037d18de32e97b13e4870c0405ff09fc18171abae148234d,include-in-minimal-package
research/aarch64_openssl_tls_bio_workload.c,workload_source,22370,c81e88c74fa2d128b2c5d8bd90b8c9d0af3f5f6e8b3199280e9b65b84bae0144,include-in-minimal-package
research/aarch64_openssl_tls_socket_workload.c,workload_source,23255,1f9c88fc7b59fdb4164ffe506b0dfb2f12473fafe0a0ab74bbd6b86704f7fddf,include-in-minimal-package
research/aarch64_openssl_tls_tcp_workload.c,workload_source,38260,94d11ef0adfb3bee28641f7565f8d859fa00704bb4df8badf8912df7780156d5,include-in-minimal-package
research/aarch64_pcre2_regex_workload.c,workload_source,10852,db8ef39db18044337b21fb6a6ed0140368662d567eacc2a55f86b955ca81adc8,include-in-minimal-package
research/aarch64_pointer_structure_mix.cc,workload_source,4788,cb66ee342a4f9c831e1ce73113e86bf2932a589bb4af602581162e25220f4924,include-in-minimal-package
research/aarch64_sqlite_pointer_workload.c,workload_source,9993,a0976b3782f04aba696cdebdde04338a290ba841faa25a1b9d478c6616f38743,include-in-minimal-package
research/aarch64_tls_session_workload.c,workload_source,13267,c2c887e865be94f288ea1b3771e461a87eda7ebcd2b817617a2dd4311ecf565a,include-in-minimal-package
research/aarch64_yyjson_workload.c,workload_source,8527,6db211487872bf5589afb0f5bf35c5c5491ccf011a5d10df1d623db716e8f2e6,include-in-minimal-package
research/aarch64_zlib_workload.c,workload_source,5458,179fa2e6d3a8f259ef3049d7e6a82e63662fb68ac8c08b180ebb1238652999a8,include-in-minimal-package
research/aarch64_zstd_workload.c,workload_source,5351,a36965c4f7b04d36c4bfe1d473c18b88dc29f1d998a5dd9b33c75f12a2e361be,include-in-minimal-package
research/acow_model.py,reproduction_script,8096,e3f2fcf670e6b5b3c714637de6884e48ee5eae12d7f35c0a5794c9fb2c23b5a1,include-in-minimal-package
research/analyze_copper_app_baseline_matrix.py,reproduction_script,9922,cf66df7f08785bea7a9b3f4b17d9feec1aef21c7b0da74afa4d747f86b604336,include-in-minimal-package
research/analyze_copper_dram_energy_scorecard.py,reproduction_script,10593,86bbbc0a1da104588918271adbe3891aa7aa66bb400f626388378c21ae2cea25,include-in-minimal-package
research/analyze_copper_energy_pollution_scorecard.py,reproduction_script,20962,ab8ef341fe028f9556cd8437e3bacc2161b8b33132621a28e3d582a6a4c7251c,include-in-minimal-package
research/analyze_copper_mcpat_sensitivity.py,reproduction_script,30243,72d87a9b98b1eb8eb44e3513645509abe1188d33cee2781015ca02950becdf7e,include-in-minimal-package
research/analyze_copper_metadata_toggle_bound.py,reproduction_script,6723,489a48b3490ebf49c2b99c3f6ad145eb28c4150aaab1bd1d27e2ef62b20216a4,include-in-minimal-package
research/analyze_copper_prefetch_traffic_overhead.py,reproduction_script,19665,d269e06831642ae33b75ccdbf03e1dead9966ddbc2a2bcc5e8f29f054ef25ada,include-in-minimal-package
research/analyze_openssl_tcp_process_metadata_toggle_bound.py,reproduction_script,13468,8c8c1a5be18d48ff55250e973096ef71cc1a574d53098f7f78d697c616d059ea,include-in-minimal-package
research/audit_cache_service_no_poison_control.py,reproduction_script,4961,a0ca2a521ab7a37f8be4dafebc63cfe9099f8d2ffad991e5faa2da9b197a1892,include-in-minimal-package
research/audit_cache_service_scale_sensitivity.py,reproduction_script,4872,911363517c8b39ee1da29c2588452d5303324c5f2053e45d14ab25a7f633bcf7,include-in-minimal-package
research/audit_cache_service_seed_stability.py,reproduction_script,4782,e3461107b545fa68c15a236980549d9e8d93d59b26e6d22dcd4612bcfe107cf0,include-in-minimal-package
research/audit_sanity_checks.py,reproduction_script,5325,7e6602327a67c3bf3b5aa1f4852173a3337ad9fd8cc89f8748cee166cd429497,include-in-minimal-package
research/baseline_prefetch_unit.sv,rtl_or_tool_flow_source,567,ba2c55d554971e412d44dcdb422c0a503dfd574e6261ca932222cca597739b36,include-in-minimal-package
research/build_cache_service_workload_aarch64.py,reproduction_script,1836,2f30f1b32810ae31dbd60d32ff30ee56e151c3a19abed29e01d47bc46fd1f688,include-in-minimal-package
research/build_copper_claim_evidence_matrix.py,reproduction_script,64503,735db085f1245eafb6178f7a3f4cf7f34a87e4eb93c9a667597162a6f7bf509c,include-in-minimal-package
research/build_copper_conference_docx.py,reproduction_script,34053,e333066d5ddffab318971b87513196da9fab0f5cef4d0dfebba8ceaa91339657,include-in-minimal-package
research/build_copper_full_docx.py,reproduction_script,10224,9e186e6d5f7c47569eae28f385df0a09fd06a7b88fbe3931ad7876d600f06b69,include-in-minimal-package
research/build_copper_public_artifact_manifest.py,reproduction_script,17000,9274f6839bf59805f36be31efd9b707a6b4aa92e7961212103e6a0d98336eb83,include-in-minimal-package
research/build_copper_public_artifact_package.py,reproduction_script,6269,2538ab7f66a2e68eeebf89b07692f74eaa07473a15a48f6338fa5a38898e5072,include-in-minimal-package
research/build_copper_review_pdf.py,reproduction_script,9898,d6d7c9172a1d7fb1172293dfcc10c775152129fddfe1ec8987702384b8aee8b2,include-in-minimal-package
research/build_copper_scoop_conference_docx.py,reproduction_script,42331,4fe39ec3b1b114cdaba2f8fd87aeec2e499e2eee61bee7a9209b16bee7f06da3,include-in-minimal-package
research/build_copper_tcp_process_clpd_replay.py,reproduction_script,6750,78d9abe573633405ce01fdb598f3603618b54daed2ffef973759831c13abf01d,include-in-minimal-package
research/build_copper_workload_clpd_replay.py,reproduction_script,5217,028da7ef877f04b70645420ecf4b539a8f73854c1fdf2ebada1e0d0d2c8d30cc,include-in-minimal-package
research/build_dmp_oracle_probe_aarch64.py,reproduction_script,1438,6a478551f37b271ef9e22508d9ccabf52d224fa01500f9e132ed710603dcad2e,include-in-minimal-package
research/build_duktape_object_workload_aarch64.py,reproduction_script,1968,add1d3793b6c14b4c2f90ad57246387e0ba85d8132e1797ee9191855298eba9a,include-in-minimal-package
research/build_expat_xml_workload_aarch64.py,reproduction_script,2262,52de7c951d94f76437180f19b7704541d3137bc43e8ffccb4850f28290f68a6a,include-in-minimal-package
research/build_gapbs_aarch64_official.py,reproduction_script,2646,f5471410a175c9e656892eba64ea0e67ae88f1fce14cb210a49e189757d0379f,include-in-minimal-package
research/build_heap_pointer_roi_stress_aarch64.py,reproduction_script,1461,493bd122b026287d55ece710eb088736136412707b830b4bd8a6e777df035bc6,include-in-minimal-package
research/build_heap_pointer_stress_aarch64.py,reproduction_script,1279,8e426fce3affea38267258d64bc4e201317da49b7313762b9339dcfd91580942,include-in-minimal-package
research/build_json_sqlite_ingest_workload_aarch64.py,reproduction_script,2252,f82aa2b274fb195457f52544f4e8eab4e42839011a6b36995174076e3d9093c0,include-in-minimal-package
research/build_libarchive_tar_workload_aarch64.py,reproduction_script,2470,3c76d6765f8b9b50861c99f3e1ce999cb89426198cfc7f34316f4c823672d394,include-in-minimal-package
research/build_libxml2_xml_workload_aarch64.py,reproduction_script,2475,c440a6745b99c8c6ac155ea50a4868c76a47481a50b4ec84c365f2d74134cea7,include-in-minimal-package
research/build_lua_table_workload_aarch64.py,reproduction_script,2095,3f3f3daafe479809bac022d9f24d3b2cc13901938b77b051db2217a9cc94bd1b,include-in-minimal-package
research/build_mibench_patricia_workload_aarch64.py,reproduction_script,2349,b8b421839ced389a9a9524332487bdd6a3c9a880d602d573be70205178b5605b,include-in-minimal-package
research/build_olden_aarch64.py,reproduction_script,8364,d978128af3dc60d2ca9a67e82f38ef602aa049c6d586c9ebff33ef4c3089e2ca,include-in-minimal-package
research/build_openssl_crypto_suite_workload_aarch64.py,reproduction_script,2149,69720dadc7721c5cbea5216211ee2795a1379f29c3bc50bbce8f9e2cdb5bdbde,include-in-minimal-package
research/build_openssl_sha_service_workload_aarch64.py,reproduction_script,2096,05a8f17ca81c9b9614710c29b148658d8ca684d499cdc2653d275601450530b0,include-in-minimal-package
research/build_openssl_speedlike_workload_aarch64.py,reproduction_script,2146,1228f2140ae280c0b15579b74416a029dc6523f429d0e6ba72e45bbc5bec83b3,include-in-minimal-package
research/build_openssl_tls_bio_workload_aarch64.py,reproduction_script,2373,8e02bac44942b0bf66178874916154f9ea7a99cd17efc572db6946481f40c3fa,include-in-minimal-package
research/build_openssl_tls_socket_workload_aarch64.py,reproduction_script,2409,c69a6c98e034c8672a296804dfe702ec635663a77256acdcf12a8a84f69522f5,include-in-minimal-package
research/build_openssl_tls_tcp_workload_aarch64.py,reproduction_script,2404,ef75c279e98682705c807b03e3d3542f8cdbd349e84313f750729adc0129741a,include-in-minimal-package
research/build_pcre2_regex_workload_aarch64.py,reproduction_script,2119,13223b5959bf16a4ec8cac052468049e6427887bad762903dbfb367a4a357a48,include-in-minimal-package
research/build_sqlite_pointer_workload_aarch64.py,reproduction_script,2098,b8b2f24bd834423b1101cfeb912c064b34d36734b8ba6e0b1e0349aad3d53484,include-in-minimal-package
research/build_sqlite_speedtest1_aarch64.py,reproduction_script,2985,8cbb4d132e0e0c6871b1fbe43fdb1f2d9c2384f4a9524df6991b40b1d0d2d83f,include-in-minimal-package
research/build_tls_session_workload_aarch64.py,reproduction_script,2063,c64ea583bde3efe7144f738b8424f4a759e50a1a82c9f63c22830c6f2a7d68a3,include-in-minimal-package
research/build_yyjson_workload_aarch64.py,reproduction_script,1941,d0cb373bc7abe69c4b586d9f720ca52d79b0e7ed54e0604957957723b34c05cc,include-in-minimal-package
research/build_zlib_workload_aarch64.py,reproduction_script,2012,274ebb28781d0661680e332b0888e5b37774a1ead275ade12f24a2c1e1ae3f6c,include-in-minimal-package
research/build_zstd_workload_aarch64.py,reproduction_script,2020,edd9048431c05dd7f443f184fee4f2835dfc48bc0869eb7fbf637c23839cda83,include-in-minimal-package
research/copper_amba_sari_authority_bridge_tb.sv,rtl_or_tool_flow_source,34907,5dc4706d0a82ac91c09ca53b5ca3c2b937809b3243d56aec8ecdd8e60ea192bd,include-in-minimal-package
research/copper_amba_sari_authority_bridge_top.sv,rtl_or_tool_flow_source,13080,5654c2b6afa9d23f610b570275314683db8d92560aff65bb32e34ba02514fb05,include-in-minimal-package
research/copper_amba_sari_frontdoor.sv,rtl_or_tool_flow_source,5991,f0c37769744a2845a84cbe510c7a003621461d7795d57ee20156a20296a8afaa,include-in-minimal-package
research/copper_amba_sari_frontdoor_regslice.sv,rtl_or_tool_flow_source,8374,4e9b976a51b4e90c7faf4a3c0857c04696a91c122640af5405749c4456105f00,include-in-minimal-package
research/copper_amba_sari_frontdoor_tb.sv,rtl_or_tool_flow_source,17811,7b5569449673edcc071bc479bd3496105f227bda6543ec14a2ee5d7da0ac6765,include-in-minimal-package
research/copper_authority_state_space.py,reproduction_script,10586,a75f2c66ebf37f1a07403efc05905684249b027fcca76657647720bcf758e2d7,include-in-minimal-package
research/copper_cavi_authority_issue_gate.sv,rtl_or_tool_flow_source,9763,8a32c7539e431792fdda0afd022e77d960bb3c6f3a25e31530a7467327a4efaa,include-in-minimal-package
research/copper_cavi_authority_issue_gate_tb.sv,rtl_or_tool_flow_source,21023,b8ad75546148481154503dbaf2556ce8e63aa585a6c16d273636b702b1022bec,include-in-minimal-package
research/copper_cepf_line_e2e_sva_tb.sv,rtl_or_tool_flow_source,20115,2c19cbcfa95e29a5e5f1786591944b2e93320c618eab10a8bd26afda898bb3cc,include-in-minimal-package
research/copper_clpd_constraints.xdc,rtl_or_tool_flow_source,44,6bf63ff1ba3fd289627a60ccfe253c60ae67a8c8b825e9932e23004760486e85,include-in-minimal-package
research/copper_clpd_ctlw_authority_e2e_tb.sv,rtl_or_tool_flow_source,25956,175c323f1c22abc92c62d6f28ff4460cd0d97574de0bf5ae55520923a1f13a3b,include-in-minimal-package
research/copper_clpd_gate.sv,rtl_or_tool_flow_source,6531,971acb8bbf013fbe1b148624d8b68623c1e1b781c391fde3d25364f1bdba8a30,include-in-minimal-package
research/copper_clpd_gate_tb.sv,rtl_or_tool_flow_source,17983,0a4f5daf0a05930990f0faed20973f7a50e0ac24b6b79e7a1183741fa2d67892,include-in-minimal-package
research/copper_clpd_sram_activity_saif_xsim.tcl,rtl_or_tool_flow_source,126,c54930a5d4cac33212e5170a753037b055f26f507b1ff3979736c619f4027047,include-in-minimal-package
research/copper_clpd_sram_activity_xsim.tcl,rtl_or_tool_flow_source,122,dd964466e3c6bd914184c0b629d480e909ec96c499d25a50f65677324371c077,include-in-minimal-package
research/copper_clpd_sram_dir.sv,rtl_or_tool_flow_source,13392,10a101ad752fb504adba30e728e14ccce9ef719812d51a78d69fe670ed31b79b,include-in-minimal-package
research/copper_clpd_sram_dir_tb.sv,rtl_or_tool_flow_source,24858,6a8f7beb5c26d8087ac0bac63fa7dc4227d15112506a8c3d03c80f8fad40af8a,include-in-minimal-package
research/copper_clpd_sram_tcp_process_activity_saif_xsim.tcl,rtl_or_tool_flow_source,148,8255a62e30e5a9c6814e7a2632994473d956d0ccb158851c55784ad3eb17274b,include-in-minimal-package
research/copper_clpd_sram_workload_activity_saif_xsim.tcl,rtl_or_tool_flow_source,145,0f79888e379aed720410be77a1f3af7ada08894c27d8e00045f9afdd1599e356,include-in-minimal-package
research/copper_clpd_sram_workload_activity_tb.sv,rtl_or_tool_flow_source,18880,61eb5f1e10e568e2252205fb9b99d11f1bbdedc0f21b7a1486e7f3af1d83f7d5,include-in-minimal-package
research/copper_clpd_state_space.py,reproduction_script,10611,53160975cd20a8d86556982b984ffab0a1c33d7eda475c8fc6ef4eed6ea949c9,include-in-minimal-package
research/copper_clpd_storage_model.py,reproduction_script,7859,0e8087aa253c59b0b4f000c54c79c3cd60348226397883fefc87b63f942760e9,include-in-minimal-package
research/copper_commit_epoch_constraints.xdc,rtl_or_tool_flow_source,58,bb72fa07eb057fcb699f5661166d8ffb8be4f583c6681e33e3cb72a60626b3ec,include-in-minimal-package
research/copper_commit_epoch_proof_bridge.sv,rtl_or_tool_flow_source,2943,ae23ae215a323ff8c0fd4db84186c9f43b2c4638a6dfcd66a6394eeaacf5177e,include-in-minimal-package
research/copper_commit_epoch_proof_bridge_tb.sv,rtl_or_tool_flow_source,5456,85e436a277fbd20c3cb61990b516f3fca72141d32f57378d2cb4474a8f57ed8f,include-in-minimal-package
research/copper_cs_sari_area_proxy.py,reproduction_script,5536,60af8adae1d33ca4f7acdc81925446b4e33059f8856a30ee4b32f89f6a60f625,include-in-minimal-package
research/copper_cs_sari_composition_state_space.py,reproduction_script,21290,0f98585d59e4848cc86a457eb21976a14f0f0d9d70770ca2e5755ba66cd54817,include-in-minimal-package
research/copper_cs_sari_gapbs_revocation_eval.py,reproduction_script,15555,c392470b80331632c648b5caca9278b17283ee04d562534c6b16f067049ac79d,include-in-minimal-package
research/copper_cs_sari_sensitivity_sweep.py,reproduction_script,13584,a16200eff57902000221705b50e35f0b0bf798ceac8ec0a24e72567612b757f5,include-in-minimal-package
research/copper_cs_sari_state_space.py,reproduction_script,16206,5dd1f3aa422cc6f852939919028d933115cc19f9b20469622be4b37df20d158c,include-in-minimal-package
research/copper_ctlw_full_authority_e2e_tb.sv,rtl_or_tool_flow_source,17539,f47be3b341777c6383a33d77041af5ed6bb5f1650368c72a4fc25c5debf11f8f,include-in-minimal-package
research/copper_ctlw_witness_dir.sv,rtl_or_tool_flow_source,4596,14854a2ee4bd87ec33226d98197e7ed06c6bbcc323a3209c784532dbd9c44e34,include-in-minimal-package
research/copper_ctlw_witness_dir_tb.sv,rtl_or_tool_flow_source,16166,08116a439b06a7bdd29c0ab76b5204a4453738eacef6d86b9b98d9a39e565d8a,include-in-minimal-package
research/copper_dmp_model.py,reproduction_script,15452,0b3842122530163df435f3ae78079a68ca373227e249af293acc6f2ef9e66a8f,include-in-minimal-package
research/copper_final_eval.py,reproduction_script,13907,1279787e97eca6456355cd43e3c8c7b86fc8959953bde4f8679d1b0d65875550,include-in-minimal-package
research/copper_full_authority_constraints.xdc,rtl_or_tool_flow_source,58,bb72fa07eb057fcb699f5661166d8ffb8be4f583c6681e33e3cb72a60626b3ec,include-in-minimal-package
research/copper_full_authority_gate.sv,rtl_or_tool_flow_source,4129,4758407ffa1cd484ee7cb78ae11e3dfcd8851fb8b00ee7383b9d341172b6a945,include-in-minimal-package
research/copper_full_authority_gate_tb.sv,rtl_or_tool_flow_source,17570,dae7b6b08e7c13c034847ef1f2d384c79b517356799c0c1a01a32e20270a6404,include-in-minimal-package
research/copper_full_authority_sva_tb.sv,rtl_or_tool_flow_source,17072,7234e831b6f600bca3bcadc2ab56464d76af1f1be470bb21bdc8a78934c434f8,include-in-minimal-package
research/copper_full_lsq_amba_authority_tb.sv,rtl_or_tool_flow_source,29946,2ea6c40ea5374f9ec33cc07e71e0e7f948216a8a95007dfd6cd6f5d4f533e075,include-in-minimal-package
research/copper_full_lsq_amba_authority_top.sv,rtl_or_tool_flow_source,20380,6f3d982ab11c24a7e5fe067574b8b7b383e9baf3286bfdf8a3c3f500d111c25f,include-in-minimal-package
research/copper_graph_workload_eval.py,reproduction_script,12477,1489d5e2dfbcad73ca49f8c5115a8440a90ca7250930cebbe15a8e491e990763,include-in-minimal-package
research/copper_heap_roi_storage_proxy.py,reproduction_script,5337,17a4db3893f2c92936348271384fce5df6b10a5e3f5d9de037eb49d99e512e9c,include-in-minimal-package
research/copper_invariant_model_check.py,reproduction_script,7576,44f4d32ced730aa3c9051a327bea075122a61572e94ac102a7624812949a6f50,include-in-minimal-package
research/copper_line_constraints.xdc,rtl_or_tool_flow_source,44,6bf63ff1ba3fd289627a60ccfe253c60ae67a8c8b825e9932e23004760486e85,include-in-minimal-package
research/copper_line_provenance_gate.sv,rtl_or_tool_flow_source,3049,93ddf604d0fcf289a066350096f6b79ac4f5fbd3eb54e6f18def1bbadd3ab868,include-in-minimal-package
research/copper_line_provenance_gate_tb.sv,rtl_or_tool_flow_source,7044,7071af0cf308f42b2b9af25576a0b8719e288c18595222c40e63a4858955f686,include-in-minimal-package
research/copper_line_provenance_random_tb.sv,rtl_or_tool_flow_source,8727,a30c438221abccd407d22bc90d6eda3fd101c501623adeee4ebe2a6f69984543,include-in-minimal-package
research/copper_lsq_cepf_line_e2e_tb.sv,rtl_or_tool_flow_source,35875,c26527ec09fbdb3b80792a9d63ff6336d228485e0626a8f18dc1885150d0440a,include-in-minimal-package
research/copper_lsq_cepf_line_e2e_top.sv,rtl_or_tool_flow_source,7535,cbdb2c67aa5b528302122c944eb0de5c191b9b8f24dbf8d7ed4af377a2233eac,include-in-minimal-package
research/copper_lsq_source_tag_tracker.sv,rtl_or_tool_flow_source,7952,a7e9eda1d72bf204a317bfc5b87dc12a007ea427d9b20cc53e26be9a8b651062,include-in-minimal-package
research/copper_lsq_source_tag_tracker_tb.sv,rtl_or_tool_flow_source,23591,1e1648952f5c7174bacb210f3288cf8c67fc12b79ba67f04bd23b22bf70232d5,include-in-minimal-package
research/copper_ooo_lsq_proof_contract.py,reproduction_script,10488,3d6a9940754496d691ce3c01e3571a91a5b2614b35918897b0ced455fbba144c,include-in-minimal-package
research/copper_ooo_replay_exception_alias_contract.py,reproduction_script,10695,a2e9e52c711082f65b572e14b08ddf5d6fe4b349c454a45778f326c59b26faff,include-in-minimal-package
research/copper_prefetch_gate.sv,rtl_or_tool_flow_source,3794,4d7c0b7bfade0f80f71039757c40a8a0a80d0662509948560397cecc464c7fed,include-in-minimal-package
research/copper_prefetch_gate_tb.sv,rtl_or_tool_flow_source,5410,51dd599b1b8db4c16a2c463f010d99f828e56895d127bd169cfd4f7df743b2de,include-in-minimal-package
research/copper_prefetch_unit_open.sv,rtl_or_tool_flow_source,2896,d19e8e8b7d214ffdc420ea49993b36d543aa5313ba0cb947d06d4051720b8b18,include-in-minimal-package
research/copper_prefetch_unit_open_tb.sv,rtl_or_tool_flow_source,5323,7f7139a4e5ca5fe04bcbb20b3e7531ede93cc889dcb23ae628f0ebf36b061c6b,include-in-minimal-package
research/copper_provenance_epoch_boundary.sv,rtl_or_tool_flow_source,4601,94348c6db973fc9c73c89c427bb69f860463fd0738b8bc2772b44412b5d64f19,include-in-minimal-package
research/copper_provenance_epoch_boundary_tb.sv,rtl_or_tool_flow_source,8120,a67020f87a4ea57ad547e805762ea2f59d6421be4ebd0473b804f12313cdb88a,include-in-minimal-package
research/copper_rocca_clpd_commit_adapter.sv,rtl_or_tool_flow_source,3707,227d93451dcea537e6f2ddac3caf3bc8570d5d1388a043dfbc92ec74046b2de4,include-in-minimal-package
research/copper_rocca_clpd_commit_adapter_tb.sv,rtl_or_tool_flow_source,22167,bc2dfd73ec277219c4e0ce6e58e984f913da076ed6d9f3fd42e9d4336616dd3a,include-in-minimal-package
research/copper_rocca_clpd_commit_adapter_top.sv,rtl_or_tool_flow_source,5223,6b1a63f77291a103090f0f9b77260552a95dbbfcf74b19330351e9976e60cc6a,include-in-minimal-package
research/copper_ropl_lsq_retire_guard.sv,rtl_or_tool_flow_source,4616,d22946179293a253f3e4d57290a6f99653d20542dfe978cb6a070d62a3bfc1aa,include-in-minimal-package
research/copper_ropl_lsq_retire_guard_tb.sv,rtl_or_tool_flow_source,18719,64a84ce0b292691edb5c2a0044358116eba4135223ae4130117927601b86b6ef,include-in-minimal-package
research/copper_ropl_lsq_retire_guard_top.sv,rtl_or_tool_flow_source,7624,284ce0bcec23a359ac09063783365807ea4bb52c01cc412b7c2dc8f0c636a0df,include-in-minimal-package
research/copper_sari_clpd_ctlw_authority_e2e_tb.sv,rtl_or_tool_flow_source,33528,922dc0ce1e31e59d215de1571d255e89a242e03cf4b9901bcd28eb3c930bc021,include-in-minimal-package
research/copper_sari_revoker.sv,rtl_or_tool_flow_source,5175,62a5ad2edb80176e313348b6b3f01cc9f777cd98998004bfd64b599647330cde,include-in-minimal-package
research/copper_sari_revoker_tb.sv,rtl_or_tool_flow_source,13888,29bcc9ece6856685733695ec25fb4dc1601738ca36de6031324241e9d9040077,include-in-minimal-package
research/copper_sari_ring_revoker.sv,rtl_or_tool_flow_source,7898,facfd956d3e59c1d0a37b07540196fc7a18357a27e9b04fc7ec6ba1d7c7bbb71,include-in-minimal-package
research/copper_sari_rq_state_space.py,reproduction_script,9755,6aec76f15c72e5464efc95d666926ba03cbcb73e7ef0380ff54469f7e1d30bcc,include-in-minimal-package
research/copper_sari_scoped_authority_e2e_tb.sv,rtl_or_tool_flow_source,32682,ee4014f1c9a97cc7a5a94b508dda62719949161617616191422def12070dfe05,include-in-minimal-package
research/copper_sari_scoped_revoker.sv,rtl_or_tool_flow_source,6593,b0a854d0fb5512ccd20c124319c8b10dccb84616f0aff0a879b602e845061c91,include-in-minimal-package
research/copper_sari_scoped_revoker_v.v,rtl_or_tool_flow_source,6179,8cbb62ecb571935c56c37f5c977c6fd3659cd504554e93bb3c920d8a5e58665e,include-in-minimal-package
research/copper_sari_scoped_trace_sim.py,reproduction_script,15388,ae947f72d0d03322dd68988b4ec8b1dd005437f2232a42dfd5891c4208553c7b,include-in-minimal-package
research/copper_scoop_companion_arbiter.sv,rtl_or_tool_flow_source,1311,cbc2c0ebb8a30d0f3dcf10ed06ad8aad5cad0b4c8010b07cc7cde2925f04ddfc,include-in-minimal-package
research/copper_scoop_companion_arbiter_tb.sv,rtl_or_tool_flow_source,5171,84f9d94c31fa895f4535b9e1a96c521a3a2046877bccf98304bb1c8819a14ca9,include-in-minimal-package
research/copper_security_coverage_matrix.py,reproduction_script,31933,b937f07211d3245a9e17e4ad2ca208a436c4f4c41c39c4f296c722ef173401a4,include-in-minimal-package
research/copper_stream_gate.sv,rtl_or_tool_flow_source,5121,78ecd008902e9138fe9b0333f18c1f1e8b032a4201db4921b06e3a17ffea90d7,include-in-minimal-package
research/copper_stream_gate_tb.sv,rtl_or_tool_flow_source,6636,215181d9033d1bf7e613fc547fa324e007c57986c0650506ed2c69a92471f0c2,include-in-minimal-package
research/copper_stream_table_constraints.xdc,rtl_or_tool_flow_source,54,6239c9a5c8dbffc99ca381aa25f9cc0c906008540cdb518be03dc36fcf10129b,include-in-minimal-package
research/copper_stream_table_gate.sv,rtl_or_tool_flow_source,7574,0c44e49cad125cbe66949bbccdb7d672b52da254d955f63554e5352620e894a3,include-in-minimal-package
research/copper_stream_table_gate_tb.sv,rtl_or_tool_flow_source,7196,7696044c73d325a036b45c83e80e566a2ce6b6643e7b91a0dd63ecff2af05f44,include-in-minimal-package
research/copper_sweep.py,reproduction_script,5893,62aacb0ff26d7c787d18397780ec727688f8c7879bf61d41b62beee974075a99,include-in-minimal-package
research/copper_tlb_coherence_authority_filter.sv,rtl_or_tool_flow_source,12672,ebdacf6c34e7cf9721ae58b6d9c4eafc17de5ad6f2dbcd8e0e838d6dbe1da6a6,include-in-minimal-package
research/copper_tlb_coherence_authority_filter_tb.sv,rtl_or_tool_flow_source,18601,7aded00dd58d872523aec93213ef8a838a6fa986dda286895e9370a5ee88cad0,include-in-minimal-package
research/copper_tlb_coherence_contract.py,reproduction_script,28581,3f21c14b277764bb5197598ff24c25743ae325a6fa05679b895bfab2b315bd03,include-in-minimal-package
research/copper_trace_gen.py,reproduction_script,9214,562e5143938af67f2288cb0475a1afd97e7acea997d14aaaa301227241675635,include-in-minimal-package
research/copper_trace_sim.py,reproduction_script,10549,20678091f5cea243171a09213d8f1f9ceb808638e5aee9c977ffac776928846d,include-in-minimal-package
research/copper_trace_sweep.py,reproduction_script,4030,48d39c8fcaf55b1873ee3b73a73fcd5bdd647022fd75cca7aae078173a5b52c5,include-in-minimal-package
research/copper_validation.py,reproduction_script,10683,6263e851da574942b1bf543025037b2b30293f149fcf7ce5219e89c7e7a09575,include-in-minimal-package
research/export_copper_docx_pdf.ps1,reproduction_script,4056,a4db7e1ae633579b090c4d85fe953957e4553c60b0f8db6fa675d5bddb9315f3,include-in-minimal-package
research/export_copper_scoop_docx_pdf.ps1,reproduction_script,2200,8aaf471e53dad227ed6830a3a020812e901d4460da1462c574fa5be51cc55f0c,include-in-minimal-package
research/extract_arm64_ubuntu_sysroot.py,reproduction_script,4087,1c0f9a89c68f0c7ba105fb8a5d1a18571015f57833cea5b2c9bffb91fb176030,include-in-minimal-package
research/fs_copper_graph_guest.py,reproduction_script,8929,97d091b1693d2a82dd042179f9e5a6ce555ccefcdf110d93f3ce05bdf4188d2c,include-in-minimal-package
research/fs_copper_tiny_guest.py,reproduction_script,4734,8f17722bbefde2b1717fc9acbf79546d23f40eb659ca255485127d2a4bd16319,include-in-minimal-package
research/gapbs_copper_kernel_sensitivity.py,reproduction_script,11188,5aacee64abdf21a5fdc33855923d922380d47f28299568b0a1f1fc37270ceba5,include-in-minimal-package
research/gapbs_copper_kernel_trace_eval.py,reproduction_script,12268,cbc547ed2d3ccbeba391c8f56db0d61bdc54951caf08c87714f00333218e70bc,include-in-minimal-package
research/gapbs_copper_trace_eval.py,reproduction_script,23708,e71fd019f1faa67de67b5a2fc363cc56fc267992c086d265c1663beaa96c518a,include-in-minimal-package
research/gem5_arm_ubuntu_fs_copper_workload.py,reproduction_script,23232,bfcf6bc397062f91f1a407edc636e583235c3ef1f53c1ccdbb73bb761af3862f,include-in-minimal-package
research/gem5_arm_ubuntu_fs_probe.py,reproduction_script,2089,3d29161f51c2aa485a05c2ea2fe519448b7166b3f29581e380e02ae658bd2afb,include-in-minimal-package
research/gem5_copper_arm32_config.py,reproduction_script,4998,c036d03d189a1a69ae80260629a8911f8c9268394f7fee062a81fe350aa02c3d,include-in-minimal-package
research/gem5_query_resource.py,reproduction_script,391,4fcfb8be18e40a78bbfb7327fc63e7059a438c9d288dd369964f9fdfa0976d20,include-in-minimal-package
research/gem5_smoke_simple_arm.py,reproduction_script,1285,b262c6a694cf17f7c2b5d172f136ee81a5e32251be594c8e234a8b7afd1c4cbe,include-in-minimal-package
research/generate_champsim_traces.py,reproduction_script,6131,16d05b49f571c85e9b91aa5465f0206956a5cbff9ff63f36b9e02623413b8532,include-in-minimal-package
research/list_vivado_memory_parts.tcl,rtl_or_tool_flow_source,331,96947a016f1e9f7cf4effb623d27ab8a08371ad0ac22e579cebb2e583af55c54,include-in-minimal-package
research/make_aarch64_fs_native_workload.py,reproduction_script,5673,e632185fa0105c8241cf626248b45ae7c4add381ecb0bc74cc0dc2bfce0b388b,include-in-minimal-package
research/make_aarch64_graph_gather_bench.py,reproduction_script,8132,8deaeaa6d3e9b7c87f182139ac426d0d3be86b67ad0cf1e844e50e3458f34751,include-in-minimal-package
research/make_aarch64_pointer_bench.py,reproduction_script,6573,dee90501766f9b8cab3895fe6fbe4d3138eca50dae0716ae1b857f888c4d221e,include-in-minimal-package
research/make_arm32_pointer_bench.py,reproduction_script,4761,85e8e0c55137cfc01d676b6ce7b405ace6289ba97eece1d6fbd905c9ca4c9e48,include-in-minimal-package
research/openssl_cli_tls_pair_guest.sh,reproduction_script,1901,908f19955a4d744237fcc8565a56a0363052a3df84cc07ba01cb442cf4f7040c,include-in-minimal-package
research/openssl_guest_probe.sh,reproduction_script,207,bd17320d4a32b19e29703bd4c71f3e7e0fa914277a6156793e97795ecc455b3c,include-in-minimal-package
research/paper/main.tex,source_or_note,15703,5193abba905c8c8c3d755cbb8cdbf7d24e72dacef8cb919bdaeb3bb2908bad74,include-in-minimal-package
research/plot_copper_app_full_baseline_runtime.py,reproduction_script,6449,55f542c872c48b0ba545599616744558f3d9e266c8badded676b3fcab1ea4fb6,include-in-minimal-package
research/plot_copper_app_overhead_figures.py,reproduction_script,11904,5d516fe4767370a8df2f47d461fca8c15d34781a7eabeec1dd57b08ddde82287,include-in-minimal-package
research/probe_scons_toolchain.py,reproduction_script,1610,127d4b22017121cc32da57d9e103b95080ad18bab4ba95de1626797d78d0ea08,include-in-minimal-package
research/render_pdf_pages_pymupdf.py,reproduction_script,2117,36a929c82bd1ad70efd01ae5a55533a7b9d780b3720ae931d1261449bd8e348a,include-in-minimal-package
research/results/COMPRESSION_LIBRARY_SEED_STABILITY_20260620.md,measured_summary,1650,028cd2ad6db2815ef0935476181b56a68c377972c04eb83abac37c8f55a2ac70,include-in-minimal-package
research/results/COPPER_AMBA_SARI_FRONTDOOR_RTL_SUMMARY.md,measured_summary,2485,ea8ca8142af7b270a652ccb79e3cb390c934476bf8aa69d72561900c2bb6f77a,include-in-minimal-package
research/results/COPPER_APPLICATION_WORKLOAD_PORTFOLIO_20260616.md,measured_summary,9583,1db54365d1d7a7a5e70bb47be4823ecc111e3f192227c5dfef04fac703bf470c,include-in-minimal-package
research/results/COPPER_APP_BASELINE_MATRIX_20260617.md,measured_summary,3451,bf087468bf83e721a0b86c3ba8dc1345fa4c2494dc0ce8d7289ce8c6b39a1f4a,include-in-minimal-package
research/results/COPPER_ARTIFACT_AUDIT_20260616.md,paper_or_reproduction_doc,16958,cecdd3b366e5d8329b925148bde6aa7c18026e55e7a8266034640fe799ef8b7d,include-in-minimal-package
research/results/COPPER_CAVI_AUTHORITY_ISSUE_GATE_RTL_SUMMARY.md,measured_summary,2600,15ddb12d81f17c197cada1a1962dd90e9656f2f7c05003531d5667b75f79c944,include-in-minimal-package
research/results/COPPER_CLAIM_EVIDENCE_MATRIX_20260617.md,paper_or_reproduction_doc,17435,7334e17b1de7b3f2caeac83d41e7ad29f23cbe256c49eb7f7486856378b85440,include-in-minimal-package
research/results/COPPER_CLPD_ACTIVITY_POWER_20260619.md,measured_summary,3263,9670a99fa187fcf1d8e4e651b2368127c0c8239aba4c7d676fae21aa487ede41,include-in-minimal-package
research/results/COPPER_CLPD_SRAM_SYNTH_SUMMARY.md,measured_summary,2122,8c3b170c24b00ef48025c80535f046dfa4c5a7ac0c25c3968966495088bb266a,include-in-minimal-package
research/results/COPPER_DRAM_ENERGY_SCORECARD_20260618.md,measured_summary,13695,b8ed7963316b8f15c0e5e386151c84ba8cbf3526bdb756eb1673949faf1de1c6,include-in-minimal-package
research/results/COPPER_ENERGY_POLLUTION_SCORECARD_20260617.md,measured_summary,15601,fc5da406d00e41555ffd88c857da2aa93ef31da467288cca4a361262bc07cfcc,include-in-minimal-package
research/results/COPPER_MCPAT_SENSITIVITY_20260618.md,measured_summary,3776,8a45c8c081ef811e8b2dcfabbbd2868c36d87ce1980d97b03e3cdcc087a1e542,include-in-minimal-package
research/results/COPPER_METADATA_TOGGLE_BOUND_20260619.md,measured_summary,2047,9862ef1fd7a78e59181d13849229bad0abbccfc1240b322ddd8016d494bebb90,include-in-minimal-package
research/results/COPPER_OOO_LSQ_PROOF_CONTRACT.md,measured_summary,3237,98e04b3b6246e7d5263c4b8d52e14720d2c3850cb68487eae01bd93afd121a0b,include-in-minimal-package
research/results/COPPER_OOO_REPLAY_EXCEPTION_ALIAS_CONTRACT.md,measured_summary,3867,9f06a8fd59b4a668123240e2455fd91a5ba8ea2fe0e1afaf2aac8b6cec441184,include-in-minimal-package
research/results/COPPER_PEB_RTL_SUMMARY.md,measured_summary,2525,2a817bfa912558e0a323d4bc6c39e4c52963b174c23281dea11a3ade589f4017,include-in-minimal-package
research/results/COPPER_PREFETCH_TRAFFIC_OVERHEAD_20260616.md,measured_summary,24179,64bd0ac4b3d9cfff25df10d3c43cd4e7868d29ca3665d8b9347a2971d9bac693,include-in-minimal-package
research/results/COPPER_PRIOR_ART_DELTA_20260617.md,measured_summary,4474,78717440669650f4010b54f8ea17a0a93e321b36a98a36cb2ec56493b7268228,include-in-minimal-package
research/results/COPPER_PRIOR_ART_REFRESH_20260619.md,measured_summary,6450,cbb879d3be279bfd4e1cc505b49610bb69b4dd65dd4f58ebeb5d915f251d77a7,include-in-minimal-package
research/results/COPPER_PRIOR_ART_UPDATE_20260615.md,measured_summary,7722,ed896c6a7aef8ef167d1eccdb96564ba7eb6d44dc460963d0b333ca70e6ef8cd,include-in-minimal-package
research/results/COPPER_PRIOR_ART_UPDATE_20260616.md,measured_summary,6933,417d1782af05c9b516ef5ef59789c36acbb68a3707a5c4b1f7675bc5aa1635d9,include-in-minimal-package
research/results/COPPER_PUBLIC_APP_MEDIUM_SEED_SWEEP_20260617.md,measured_summary,2768,5774483c691e0bf561847c4d9a13b22ad0ea40fd55bb4b2a3e9aa413ce2436b2,include-in-minimal-package
research/results/COPPER_PUBLIC_APP_REPEATED_SEED_PORTFOLIO_20260617.md,measured_summary,2150,aa47e0aa67435806567db536fba43d51368a143b641a8704ba56348567bd8fe3,include-in-minimal-package
research/results/COPPER_PUBLIC_APP_STRESS_SEED_SWEEP_20260617.md,measured_summary,2329,e8dd402ccd65cce0ec5155c2817692b61492487d691ab00342288541780d8a38,include-in-minimal-package
research/results/COPPER_READINESS_AUDIT_20260615.md,measured_summary,6504,63eeac6409a6f0d9686684dd794b2a9f7305a0abfa56610e805946be46bbfccf,include-in-minimal-package
research/results/COPPER_READINESS_AUDIT_20260616.md,measured_summary,12606,bdc98e1525f264c255b597545fffa7eaf2452df6706ac6447515cdda61bbd9df,include-in-minimal-package
research/results/COPPER_ROCCA_CLPD_COMMIT_ADAPTER_RTL_SUMMARY.md,measured_summary,2592,092ac8692ff41d6b4ccb6363e9f5c40e33b3189489f742de87c92cb55e2c0aeb,include-in-minimal-package
research/results/COPPER_ROPL_LSQ_RETIRE_GUARD_RTL_SUMMARY.md,measured_summary,2700,08e774cbf1b3e13454ca4364885f13338f542a0cbeeab9f4d573eedc248c7ae2,include-in-minimal-package
research/results/COPPER_RTL_POWER_PROXY_20260618.md,measured_summary,5209,8e0a59b5a9db279fdc7212f47a052bf784f239450f5c2e27de3c6b3869adcb9d,include-in-minimal-package
research/results/COPPER_SARI_RQ_STATE_SPACE.md,measured_summary,2007,857519b41f00e12b0d01f830fd9e3c756c9b0d7ff3546a3eb4341b2fe4e5b2c9,include-in-minimal-package
research/results/COPPER_SECURITY_COVERAGE_MATRIX.md,measured_summary,15847,07c8bedec4124d8941ad9815d74d8cd60f8147532929e726db6ad878ec609dd4,include-in-minimal-package
research/results/COPPER_SECURITY_EVIDENCE_PORTFOLIO_20260616.md,measured_summary,3369,42d5616185757ca08feb9aa69d057f4de343fa14953d660278b00f885bb11248,include-in-minimal-package
research/results/COPPER_TCP_PROCESS_CLPD_ACTIVITY_POWER_20260620.md,measured_summary,4158,97b707324800c8679cc7bb13bb2e99b941038c7e25b338362a8fd790d14d1336,include-in-minimal-package
research/results/COPPER_TLB_COHERENCE_AUTHORITY_FILTER_RTL_SUMMARY.md,measured_summary,3062,036bd33cd1ea2b0a65aa286c1fa8948f1cddcb78ac6214f9d962c706d5444858,include-in-minimal-package
research/results/COPPER_TLB_COHERENCE_CONTRACT.md,measured_summary,9125,e36572af2e024fca8d3e82ad316782c8e93b578e33df160795312cd32730041c,include-in-minimal-package
research/results/COPPER_TOP_TIER_GAP_TRACKER_20260619.md,paper_or_reproduction_doc,20499,d7db2a762ab3448d1b41a9c40469b5be16ec14020949613fdda08287695d8e94,include-in-minimal-package
research/results/COPPER_TOP_TIER_GATE_AUDIT_20260617.md,paper_or_reproduction_doc,4010,80deeb2705b0adf3b1d219c59716c9ffd95a7776ef0e8f160531c44efb37662b,include-in-minimal-package
research/results/COPPER_WORKLOAD_CLPD_ACTIVITY_POWER_20260619.md,measured_summary,3653,9b5bbe4530237dd2df146df71a27441ea82a1ad660fa5031874a182156a78bef,include-in-minimal-package
research/results/EXPAT_XML_FEASIBILITY_20260620.md,measured_summary,1710,833bfac179f1551114ed73b4f69c5ab6c4f74950d5822f294d060818cb6c988f,include-in-minimal-package
research/results/GEM5_POWERSHELL_RUNNER_FIX_20260619.md,measured_summary,2011,cf38d5739041f4ab66de8cf5f09f9aa54694976150be9cef4ddf846267ffb951,include-in-minimal-package
research/results/JSONSQLITE_MEDIUM_SEED_STABILITY_20260619.md,measured_summary,1200,902d435ffc94be4e85715ec6e6bb46f7de3b0589b62bb9f7b6ca789ffdc9f6fa,include-in-minimal-package
research/results/JSONSQLITE_STRESS_SEED_STABILITY_20260619.md,measured_summary,1225,0e67fec78cdb5c5b976bffd8afa6f385d68752ddb45d9636ada3640c8768d32b,include-in-minimal-package
research/results/LUA_DUKTAPE_MEDIUM_STRESS_SEED_STABILITY_20260619.md,measured_summary,3041,2eca430e5b2d84fd3adeb1ef2bc2096abccbf23aa2fa3ef68066037a3934a09c,include-in-minimal-package
research/results/MIBENCH_PATRICIA_12K_SEED_STABILITY_20260621.md,measured_summary,1283,065fc3fc595f44dd7fc0595fa240ad3ad335f1141cad147821cde0015ebeb1f6,include-in-minimal-package
research/results/MIBENCH_PATRICIA_LARGE16384_FEASIBILITY_20260620.md,measured_summary,1761,174b72abbc42c8051e45b113e5bacbb96ec612f2803f3a68b4d1a30eb21302a4,include-in-minimal-package
research/results/MIBENCH_PATRICIA_LARGE32768_FEASIBILITY_20260620.md,measured_summary,1320,bfc28f30abe03c8383f758decfeb8d2d3b629d63564529d34174b1ed08c883f8,include-in-minimal-package
research/results/MIBENCH_PATRICIA_LARGE62721_FEASIBILITY_20260620.md,measured_summary,1319,cce56e457d2a09c33ba158c2498b8922f2c9b9cf360c2c5497286eb43b4d9f6d,include-in-minimal-package
research/results/MIBENCH_PATRICIA_SCALE_PORTFOLIO_20260620.md,measured_summary,1404,d5dde99b6e6aee1c1f9e95ef97de3968c4d1b196405c7c3e31b7080c7eb65614,include-in-minimal-package
research/results/OPENSSL_CLI_FEASIBILITY_20260619.md,measured_summary,2367,1a0cec1a120e3a000347b0b74e1b1f9abae4b0453e5a537273faedd0fd87c81f,include-in-minimal-package
research/results/OPENSSL_CLI_SEED_STABILITY_20260619.md,measured_summary,3696,4c6e9cc2b8d492cf7967f499c1150a16ffd9e8c6e78be36a2f2142e01f626276,include-in-minimal-package
research/results/OPENSSL_CLI_TLS_PAIR_FEASIBILITY_20260620.md,measured_summary,3297,771a548f29ddb3c7dd472b9ea46a161cf0ccd2cffa73ba644e8423ab15bc3a32,include-in-minimal-package
research/results/OPENSSL_MEDIUM_SEED_STABILITY_20260619.md,measured_summary,2330,8915eb664cc9f12b470564b9dfc279d3e3c73a013569a9a91149365e5964f777,include-in-minimal-package
research/results/OPENSSL_SPEEDLIKE_SEED_STABILITY_20260619.md,measured_summary,1651,ec2e8d0407691d66157a514739458b40181dd9d9d515f456dd8408d61e50d9eb,include-in-minimal-package
research/results/OPENSSL_TCP_LOOPBACK_FEASIBILITY_20260619.md,measured_summary,5536,2976dda77f204d9bc4bafc6283ae7fa7a7c9423f27896a8811c5193e7aa9d3fa,include-in-minimal-package
research/results/OPENSSL_TCP_PROCESS_METADATA_TOGGLE_BOUND_20260620.md,measured_summary,3248,2cc60124d6b97c49506134ed2d3de0da1138c20907e71546f3eebf27eb1b64b9,include-in-minimal-package
research/results/OPENSSL_TCP_PROCESS_SCALE_PORTFOLIO_20260620.md,measured_summary,2332,80e17ced33b4bada0970b42d88951ed4f8cb6b942052ffea9a136d31448e4c30,include-in-minimal-package
research/results/OPENSSL_TCP_PROCESS_SEED_STABILITY_20260620.md,measured_summary,1553,9dc02eb32a29e609d2205006096026ab7f37a42043f8c34ec67a50e60c0aa36b,include-in-minimal-package
research/results/PCRE2_REGEX_SEED_STABILITY_20260620.md,measured_summary,1400,b564e45a277daa9ef40c2ca76ae3b32a0d9a396da0793e4ed79cd971745840a8,include-in-minimal-package
research/results/SQLITE_MEDIUM_STRESS_SEED_STABILITY_20260619.md,measured_summary,2016,e94474c3ad79d57ecd1c5896f0a6b5582ad74ebb534cb96844a79e935a0479fb,include-in-minimal-package
research/results/SQLITE_SPEEDTEST1_COMPONENTS_20260619.md,measured_summary,1686,0ead597757eb028a8a8e04f9f0c82cb63d534954d01c63fa9ccb18a0e04d5988,include-in-minimal-package
research/results/YYJSON_MEDIUM_STRESS_SEED_STABILITY_20260619.md,measured_summary,1872,25f31c1b22b5577cb9264a38f05f52213efb83a14dc0efdfdc9ce5e4df09d771,include-in-minimal-package
research/results/copper_amba_sari_authority_bridge_top_synth.log,tool_report_or_log,22903,7c11774a3cb82ed31f7a99f8440ee1dfd6abca5533f5aecaa2c42b124d8a7f0c,include-in-minimal-package
research/results/copper_amba_sari_authority_bridge_top_timing.rpt,tool_report_or_log,19795,abff9d389ed63a75eb8d1e3b472ee30044015d22d8e681dbc18a9861cceccc70,include-in-minimal-package
research/results/copper_amba_sari_authority_bridge_xsim_20260616.log,tool_report_or_log,6962,33171a4644c87044701ec06247120cb182aa7ec24928ac1c162613385d38f98e,include-in-minimal-package
research/results/copper_amba_sari_frontdoor_regslice_timing.rpt,tool_report_or_log,17902,3c23245364ed335dc2f2abe27db7362baa93543b879348be6dbd05f9efc5eaef,include-in-minimal-package
research/results/copper_amba_sari_frontdoor_xsim_20260616.log,tool_report_or_log,4464,945347126a8758fa28a7319c3cb8b67ecdabb1e9e283be5e80d13bbc5d9b9963,include-in-minimal-package
research/results/copper_amba_sari_frontdoor_xsim_20260620.log,tool_report_or_log,1874,9f603d1ef3e606c9a201aa334c2be762826bcf62a118e83124b916b4272e1fde,include-in-minimal-package
research/results/copper_cavi_authority_issue_gate_synth.log,tool_report_or_log,21937,c86ca8c93a62b35bcd796ad8699364fb9b05e0cccc475ad8821019dc7afbdfc5,include-in-minimal-package
research/results/copper_cavi_authority_issue_gate_timing.rpt,tool_report_or_log,20086,d80eff0c5ce19c96967eb3f03114ef32cf28db0a762469b9148587fc4aeddcbf,include-in-minimal-package
research/results/copper_cavi_authority_issue_gate_utilization.rpt,tool_report_or_log,8653,c513217df17426bba8df582411c91eb525408a2e3a3ae53b09fa00c3247b1cfd,include-in-minimal-package
research/results/copper_cavi_authority_issue_gate_xsim_20260620.log,tool_report_or_log,1831,dd3e2c90ba5831224d46c43264ef58cee02c0df08e08f805a1e3f46d9dd57db0,include-in-minimal-package
research/results/copper_clpd_sram_tcp_process_activity.saif,heavy_raw_evidence,6798821,a405e60dfea7150965474680459e9f9c65d7640170aaa1f959bdb477aeae7534,external-store-with-hash
research/results/copper_clpd_sram_tcp_process_activity_saif_power.rpt,tool_report_or_log,9076,c6f857e70e7b6d659b200fc071bd197c5847029c4911717e6857eb6114d1a40f,include-in-minimal-package
research/results/copper_clpd_sram_workload_activity.saif,heavy_raw_evidence,6680592,02ccc7ab1095b5b2937039019607c1f68b69cc41e58ea12b90b6aff5212b9242,external-store-with-hash
research/results/copper_clpd_sram_workload_activity_saif_power.rpt,tool_report_or_log,9031,97574818be8c6a6b9b9e8575fbbcfed5c66fd4cf59b407d5d468af8ab3909d9f,include-in-minimal-package
research/results/copper_full_lsq_amba_authority_top_synth.log,tool_report_or_log,24536,734e22f0ae17ad5247fd5c30e50dfbdb597db7e877fc096189bad9dd02152246,include-in-minimal-package
research/results/copper_full_lsq_amba_authority_top_timing.rpt,tool_report_or_log,19647,8e75b9378026e37e3ed61872215adb6546d8cf899d3ae348b651742d2deffabb,include-in-minimal-package
research/results/copper_full_lsq_amba_authority_xsim_20260616.log,tool_report_or_log,8822,41ad85989a7a6b9fd079e4c4559f25f470d49c46527e313e5af2d8f56eb3288b,include-in-minimal-package
research/results/copper_lsq_cepf_line_e2e_top_timing.rpt,tool_report_or_log,19241,38a66c9e62f8d516179dda4aacde6584ba977feff3ca034ae6088cd3d32fb750,include-in-minimal-package
research/results/copper_lsq_cepf_line_e2e_xsim_20260616.log,tool_report_or_log,5856,2cde123e253ca5458c1eb431379f186f20902761d90214a3020a57f6af3f433a,include-in-minimal-package
research/results/copper_lsq_source_tag_tracker_xsim_20260616.log,tool_report_or_log,4548,248ce7ccf0eb8bedf0169c832ac535db6b31c874b33669f98c0838f219c25f04,include-in-minimal-package
research/results/copper_rocca_clpd_commit_adapter_synth.log,tool_report_or_log,19800,0569870f93745f14cdec9c462cb77fb0ac8677625be5ff5ee0e4061b5fc5f171,include-in-minimal-package
research/results/copper_rocca_clpd_commit_adapter_xsim_20260620.log,tool_report_or_log,1825,ddbd6d16f8519085027cf5b2860fd8e38ebd4c7507a453c659022f8de044f0c7,include-in-minimal-package
research/results/copper_ropl_lsq_retire_guard_synth.log,tool_report_or_log,18055,bc2d8ca2af3033c562023396d35e7ba8946ba836fb2aa3240c075142b9ddb3a6,include-in-minimal-package
research/results/copper_ropl_lsq_retire_guard_top_timing.rpt,tool_report_or_log,18041,d71230330c45b24e04088e653bbdf7b411f7dac704c5808c066faadc31f4bc86,include-in-minimal-package
research/results/copper_ropl_lsq_retire_guard_xsim_20260620.log,tool_report_or_log,1886,505764db158714dcc4a16561886242e51798beebec138e358ba415d93bea002d,include-in-minimal-package
research/results/copper_tlb_coherence_authority_filter_synth.log,tool_report_or_log,19372,adc6177a22367c206927693d77eea498776b62c28d003c0071790dbcfd90915f,include-in-minimal-package
research/results/copper_tlb_coherence_authority_filter_timing.rpt,tool_report_or_log,17913,34aa0f6e67eac69713729e6ca2f9018eac952915d3977554c6c4a8cb5e4c3c6e,include-in-minimal-package
research/results/copper_tlb_coherence_authority_filter_xsim_20260617.log,tool_report_or_log,1955,3c4476a7db5356509ce01332bd24cf2bd0b24c6ff83a96aa8ccd384c2643a458,include-in-minimal-package
research/results/figures/COPPER_APP_FIGURE_INDEX_20260616.md,measured_summary,1319,9a685ffe06c7de6e2d7c6ee6655f10960a9e1d65b244b31eb945253214e72c95,include-in-minimal-package
research/results/gem5_arm_ubuntu_fs_cachesvc_app/CACHESVC_NOPOISON_CONTROL_AUDIT.md,measured_summary,2042,4de1082cf8c2aa178d0afc49d8e90045868f974a99ab7562bfde010911c2b867,include-in-minimal-package
research/results/gem5_arm_ubuntu_fs_cachesvc_app/CACHESVC_SCALE_SENSITIVITY_AUDIT.md,measured_summary,1992,e4ccb8806f3efd68ce5a8557958369d08463d1f6033a62c00a0245310bc9d94c,include-in-minimal-package
research/results/gem5_arm_ubuntu_fs_cachesvc_app/CACHESVC_SEED_STABILITY_AUDIT.md,measured_summary,1779,fa1b5bf11e8f476f6e625791b508973c7cffc50fe75957b2812e09d528c0d071,include-in-minimal-package
research/results/gem5_arm_ubuntu_fs_dmp_oracle/DMP_ORACLE_I512_P4_PROBE1_EVICT512_SPLIT_SUMMARY.md,measured_summary,2541,ce0078d5eb53dd257a3226273778b79bbcdfef101c0eed218e5fb158a8fea46c,include-in-minimal-package
research/results/gem5_arm_ubuntu_fs_duktape_app/DUKTAPE_APP_MEDIUM_FS_SUMMARY.md,measured_summary,1900,19657b8421f2392bf9fe52004f6036ca7fbddcac1433d6a77c472dde9cccda8e,include-in-minimal-package
research/results/gem5_arm_ubuntu_fs_duktape_app/DUKTAPE_APP_STRESS_FS_SUMMARY.md,measured_summary,1915,39293bdfe5682e0d10c636173663de008cecfa9cf4cdc1f1624bec24c22a60fa,include-in-minimal-package
research/results/gem5_arm_ubuntu_fs_gapbs_official_suite/GAPBS_OFFICIAL_SUITE_CROSS_SCALE_SUMMARY.md,measured_summary,2261,bf3d331bbc65fb8b96381c028c0924afe00b506332200637dd8b2de938cbe7aa,include-in-minimal-package
research/results/gem5_arm_ubuntu_fs_gapbs_official_suite/GAPBS_OFFICIAL_SUITE_FINAL_G14_FS_SUMMARY.md,measured_summary,5624,ed561362a0c119aaa60dfb800a08f6e6aaa50d29b36ae8c6713d8a81fa60507f,include-in-minimal-package
research/results/gem5_arm_ubuntu_fs_jsonsqlite_app/JSONSQLITE_MEDIUM_SEED1_FS_SUMMARY.md,measured_summary,1961,3dad8a98271172a8321a9815a2fc631d12ad8cd3ac33d7cad187f1ba1f03fcce,include-in-minimal-package
research/results/gem5_arm_ubuntu_fs_jsonsqlite_app/JSONSQLITE_STRESS_SEED1_FS_SUMMARY.md,measured_summary,1976,66234bc32796a0badb9e1bf9dea883dfcc49b33784d3c17f1e924364dfc208f7,include-in-minimal-package
research/results/gem5_arm_ubuntu_fs_libarchive_app/LIBARCHIVE_TAR_TINY_FULL_FS_SUMMARY.md,measured_summary,2196,26e6af5b500a693a2bbf3a57465dc79f1a47189937da5266f38f8e3615793bc7,include-in-minimal-package
research/results/gem5_arm_ubuntu_fs_libxml2_app/LIBXML2_XML_TINY_FULL_FS_SUMMARY.md,measured_summary,2178,ffa80b269f2f65611abd1800ed7c18917add468b67a0273cc4dc18ef8180e7b8,include-in-minimal-package
research/results/gem5_arm_ubuntu_fs_lua_app/LUA_APP_MEDIUM_SEED_SWEEP_SUMMARY.md,measured_summary,3387,0449152974d939707f46fef40df1b93a622b811ac7c62085da35dcdfb4acc086,include-in-minimal-package
research/results/gem5_arm_ubuntu_fs_lua_app/LUA_APP_STRESS_FS_SUMMARY.md,measured_summary,2088,169a3aee506da3aca2e455633220d47184ef1ced9bc3b13e2eecaca9f535d11d,include-in-minimal-package
research/results/gem5_arm_ubuntu_fs_mibench_patricia_app/MIBENCH_PATRICIA_PATRICIA_LARGE12288_FS_SUMMARY.md,measured_summary,2187,f743e9eb0cff808688c6147f6574872d874b51a86faac37a040d43a3e530394e,include-in-minimal-package
research/results/gem5_arm_ubuntu_fs_mibench_patricia_app/MIBENCH_PATRICIA_PATRICIA_LARGE12288_SEED1_FS_SUMMARY.md,measured_summary,2193,503597b161a12efbc161a4fa4fa2c3544d81fd7fcad05e8528200735d07f268b,include-in-minimal-package
research/results/gem5_arm_ubuntu_fs_mibench_patricia_app/MIBENCH_PATRICIA_PATRICIA_PREPROBE_FS_SUMMARY.md,measured_summary,2119,0c41b239ffaed993c3bcc6206fbe6a7fe1e32f1b2c77bf5e1756ddbce6ae5fb9,include-in-minimal-package
research/results/gem5_arm_ubuntu_fs_mibench_patricia_app/MIBENCH_PATRICIA_PATRICIA_SMALL2048_FS_SUMMARY.md,measured_summary,2139,677ea9cae53ec06ab8ffed35963992fecfb58e0b0cd9f2d26389bf3751cc9ede,include-in-minimal-package
research/results/gem5_arm_ubuntu_fs_mibench_patricia_app/MIBENCH_PATRICIA_PATRICIA_SMALL8192_FS_SUMMARY.md,measured_summary,2156,1b778f35466caae5c0369f76c7e5f553a2fe784d9aaaec44dbfd75b447eaf8aa,include-in-minimal-package
research/results/gem5_arm_ubuntu_fs_mibench_patricia_app/mibench_patricia_patricia_large12288_seed1_summary.csv,derived_table_or_config,1126,b5a333d3370f8b1353c0af327683453b2e97e9eb11682ee618b03be88bd59ea3,include-in-minimal-package
research/results/gem5_arm_ubuntu_fs_mibench_patricia_app/mibench_patricia_patricia_large12288_summary.csv,derived_table_or_config,1126,f8647f6988049125cb5000da651a243704723d6ab19955302dd8fc9fcc712096,include-in-minimal-package
research/results/gem5_arm_ubuntu_fs_mibench_patricia_app/mibench_patricia_patricia_preprobe_summary.csv,derived_table_or_config,1043,a8d42d6765c8f2c661d29aac05b73ccb41eacfa19dd5d10c4e4a88db4583377f,include-in-minimal-package
research/results/gem5_arm_ubuntu_fs_mibench_patricia_app/mibench_patricia_patricia_small2048_summary.csv,derived_table_or_config,1081,e7fa833bcc46e8e108164989c84b6e8a2041386935b73494f306a5ee3f838441,include-in-minimal-package
research/results/gem5_arm_ubuntu_fs_mibench_patricia_app/mibench_patricia_patricia_small8192_summary.csv,derived_table_or_config,1106,58ea86d237e3dfae4ab3c41e478ea61fea1be8f3114077f5f5c2e8c926a9b8db,include-in-minimal-package
research/results/gem5_arm_ubuntu_fs_olden_suite/OLDEN_BISORT_FINGERPRINT_VALIDATION.md,measured_summary,1602,c82dff4397dbb94968353803e3d5770a9cd6463b8296e1d0d01095cc6f25097f,include-in-minimal-package
research/results/gem5_arm_ubuntu_fs_olden_suite/OLDEN_BUILTIN_BASELINES.md,measured_summary,3343,fbaa32145bff124c10063b39727a2cf98ec93421c2efc962ceb8ba3521d69be0,include-in-minimal-package
research/results/gem5_arm_ubuntu_fs_osslcli_app/OSSLCLI_AESCTR_64K_FS_SUMMARY.md,measured_summary,2525,c8458b27b5750ff5c2eaff60c3a4e0a7cbd202111814ed10f78da38edb8b2b81,include-in-minimal-package
research/results/gem5_arm_ubuntu_fs_osslcli_app/OSSLCLI_AESCTR_64K_SEED2_FS_SUMMARY.md,measured_summary,2531,a197eb94b3cedb7144ff62bee87278d61721766f414ace5a60d1199b7c4c80b0,include-in-minimal-package
research/results/gem5_arm_ubuntu_fs_osslcli_app/OSSLCLI_FIXED_64K_FS_SUMMARY.md,measured_summary,2422,36e6a31d28d4dee14ea49f934ff07d5d32c7ffb74046a82413037219d2c52eb7,include-in-minimal-package
research/results/gem5_arm_ubuntu_fs_osslcli_app/OSSLCLI_FIXED_64K_SEED2_FS_SUMMARY.md,measured_summary,2517,2f50a79f41df75e245d8909af336f5c99de93dbd476cd458df2d42f3de7aa257,include-in-minimal-package
research/results/gem5_arm_ubuntu_fs_osslcli_app/OSSLCLI_HMAC_64K_FS_SUMMARY.md,measured_summary,2427,6b4e46daf0659dbafa10e541d1f3ea2ba1be14c367ed51e9b671db114e02a9a5,include-in-minimal-package
research/results/gem5_arm_ubuntu_fs_osslcli_app/OSSLCLI_HMAC_64K_SEED2_FS_SUMMARY.md,measured_summary,2433,8f18c0fe75ea6342258f3e7bccf63d9420bfa831e480fac7c9e059efc0c1f1f0,include-in-minimal-package
research/results/gem5_arm_ubuntu_fs_osslcrypto_app/OSSLCRYPTO_APP_MEDIUM_FS_SUMMARY.md,measured_summary,1901,3d91ef6ec512a6dae7094bb78a03a9741a98b18fabd5f11bb3d111dad492756c,include-in-minimal-package
research/results/gem5_arm_ubuntu_fs_osslcrypto_app/OSSLCRYPTO_APP_SMOKE_FS_SUMMARY.md,measured_summary,2305,eb98ec523b3dc3871e9e9aa2d2427532ab05f9f40d8c8d22ac70354f42a2e655,include-in-minimal-package
research/results/gem5_arm_ubuntu_fs_osslsha_app/OSSLSHA_APP_SMOKE_FS_SUMMARY.md,measured_summary,2250,492606c61078d6c78d8b469cb46be5d69e87c2c27fe6ee0f409e9e6f01930161,include-in-minimal-package
research/results/gem5_arm_ubuntu_fs_osslspeed_app/OSSLSPEED_APP_SMOKE_FS_SUMMARY.md,measured_summary,2077,318378cef791be44937fef511aacaf982329949e954acf29b990ea590f8d1102,include-in-minimal-package
research/results/gem5_arm_ubuntu_fs_ossltlsbio_app/OSSLTLSBIO_APP_MEDIUM_FS_SUMMARY.md,measured_summary,1928,764bbe6bddb2f0b0745652ef271df700577d6f2bbadc674c346e783f610c9386,include-in-minimal-package
research/results/gem5_arm_ubuntu_fs_ossltlsbio_app/OSSLTLSBIO_APP_SMOKE_FS_SUMMARY.md,measured_summary,2263,e9bf50463b5603700a51325f4eb965bc69dc17361457a9a780a20441eee6db54,include-in-minimal-package
research/results/gem5_arm_ubuntu_fs_ossltlssocket_app/OSSLTLSSOCKET_SOCKET_SMOKE_FS_SUMMARY.md,measured_summary,1979,0aad1cdda539837f02957743198c7ce322314303498249d96eac0e07169bd5e8,include-in-minimal-package
research/results/gem5_arm_ubuntu_fs_ossltlstcp_app/ossltlstcp_TCP_FALLBACK_PROBE_FS_SUMMARY.md,measured_summary,2624,b4eeb547894343c29021bc470f13d54ada92e04ac30e1c9b147651c8c6305f45,include-in-minimal-package
research/results/gem5_arm_ubuntu_fs_ossltlstcp_app/ossltlstcp_TCP_NETNS_PROCESS_KEY1_FS_SUMMARY.md,measured_summary,2817,c5bfdf7a49823ce0e4b2dce46074a59fc11362c9aca0ff1e9a2631d87a5f2c25,include-in-minimal-package
research/results/gem5_arm_ubuntu_fs_ossltlstcp_app/ossltlstcp_TCP_NETNS_PROCESS_SCALE2_FS_SUMMARY.md,measured_summary,2847,5abb942e31bbfabbd477df6d01a5694add85dc40a919e79d9e6483ba769c15bf,include-in-minimal-package
research/results/gem5_arm_ubuntu_fs_ossltlstcp_app/ossltlstcp_TCP_NETNS_PROCESS_SCALE3_FS_SUMMARY.md,measured_summary,2851,2f60e15236478076e2bbdeaac72fc20320ae41df56572e37dd281755dcc05995,include-in-minimal-package
research/results/gem5_arm_ubuntu_fs_ossltlstcp_app/ossltlstcp_TCP_NETNS_STRICT_FS_SUMMARY.md,measured_summary,2699,6f503e511162b2135ade954cef5478bb6923b1488fca45a01d76e31adb6251d3,include-in-minimal-package
research/results/gem5_arm_ubuntu_fs_ossltlstcp_app/ossltlstcp_tcp_netns_process_scale2_summary.csv,derived_table_or_config,1368,e6a27ce48ae3bd2f212fa10b09b98b53ceb587453a4402c450c63ff13bdd5658,include-in-minimal-package
research/results/gem5_arm_ubuntu_fs_ossltlstcp_app/ossltlstcp_tcp_netns_process_scale3_summary.csv,derived_table_or_config,1377,0d8db88f2c3cc031e738fb0b1dccef1f74d8c0c7d046ab4835fe4c0a7c62218a,include-in-minimal-package
research/results/gem5_arm_ubuntu_fs_pcre2_app/PCRE2_PCRE2_SEED1_FS_SUMMARY.md,measured_summary,1809,e2d0c668c9b4e59939fdcfa5fb65ae8c716fd8b5d58075870582534e465179a9,include-in-minimal-package
research/results/gem5_arm_ubuntu_fs_pcre2_app/PCRE2_PCRE2_SMOKE_FS_SUMMARY.md,measured_summary,1808,fbe3e630e03cc332d1136fd9004cf204775e6a0f99db4e827e92647eb0054cca,include-in-minimal-package
research/results/gem5_arm_ubuntu_fs_sqlite_app/SQLITE_APP_STRESS_FS_SUMMARY.md,measured_summary,2357,b56eb62d8659ff29a9a5eec5eb359e4c6a994e053c1474a85f7ef197bc3c4fd6,include-in-minimal-package
research/results/gem5_arm_ubuntu_fs_sqlite_speedtest1/SQLITE_SPEEDTEST1_SPEEDTEST1_JSON_SMOKE_SIZE1_FS_SUMMARY.md,measured_summary,2558,81fd120c748faf77b718ddae6b06b5b735b58048be36ae3cf6fae423e2a0a741,include-in-minimal-package
research/results/gem5_arm_ubuntu_fs_sqlite_speedtest1/SQLITE_SPEEDTEST1_SPEEDTEST1_ORM_SMOKE_SIZE1_FS_SUMMARY.md,measured_summary,2564,20678aae44792d8cb4ea794fd930b7d75ee30421815b837ec229e348e41c7f2e,include-in-minimal-package
research/results/gem5_arm_ubuntu_fs_sqlite_speedtest1/SQLITE_SPEEDTEST1_SPEEDTEST1_STAR_SMOKE_SIZE1_FS_SUMMARY.md,measured_summary,2537,2daf5892635634b98a137f367e0e1fc6b2d9f4af4f4767f8f150795e80dcc1ea,include-in-minimal-package
research/results/gem5_arm_ubuntu_fs_tlssvc_app/TLSSVC_APP_SMOKE_FS_SUMMARY.md,measured_summary,2411,a4fcd8db1847d3dd6282f21b2199955c088287259b933f219cea371e5a4b5345,include-in-minimal-package
research/results/gem5_arm_ubuntu_fs_yyjson_app/YYJSON_APP_STRESS_FS_SUMMARY.md,measured_summary,2377,70711d48ed6bdbccc7fba780b36e58574b7a89353c62ee73615868bf58de5ca1,include-in-minimal-package
research/results/gem5_arm_ubuntu_fs_zlib_app/ZLIB_ZLIB_TINY_FS_SUMMARY.md,measured_summary,1935,64c9f85d601ce2163d111635bbe0931979f39ecfe299daf49521241279ce938e,include-in-minimal-package
research/results/gem5_arm_ubuntu_fs_zstd_app/ZSTD_ZSTD_TINY_FS_SUMMARY.md,measured_summary,1903,90990feef2c0920dc0eee868e5cf6eb34fe0ccb74f8a3f312960260ee107052f,include-in-minimal-package
research/results/libarchive_tar_workload_build/LIBARCHIVE_TAR_WORKLOAD_BUILD.md,measured_summary,1976,65c24b0b4ac72a748c4c10da9df8330f34587e0b1c231dd5e43ba40b24189929,include-in-minimal-package
research/results/libxml2_xml_workload_build/LIBXML2_XML_WORKLOAD_BUILD.md,measured_summary,1330,77c984f7737cc06b0bf9c464f520404fa1f88f3b92dee7072cf75773498ad1fe,include-in-minimal-package
research/results/mibench_patricia_12k_seed_stability_20260621.csv,derived_table_or_config,420,26264d9c3c6d59309df3338a36b0ab1ef370058418276b95b32faacc48904cef,include-in-minimal-package
research/results/mibench_patricia_scale_portfolio_20260620.csv,derived_table_or_config,666,fa706ae981f7cb61671191041001b082d628c6996f3781480b70d097e81dbc4e,include-in-minimal-package
research/results/mibench_patricia_workload_build/MIBENCH_PATRICIA_WORKLOAD_BUILD.md,measured_summary,1226,f58bd7fb769ac9d10e94fb465e5378f3773bbea13cb00bf6784fe35f614d344c,include-in-minimal-package
research/results/openssl_tls_socket_workload_build/OPENSSL_TLS_SOCKET_WORKLOAD_BUILD.md,measured_summary,1260,4a6d45af9f04b5f65441383fd226f2e561a217e3b5f89ad9347df57410cd0676,include-in-minimal-package
research/results/pcre2_regex_workload_build/PCRE2_REGEX_WORKLOAD_BUILD.md,measured_summary,947,4d22db1ed94a2e1d6404c131d57df5418f325375111bc69ff201bb69cf0e24a6,include-in-minimal-package
research/results/zlib_workload_build/ZLIB_WORKLOAD_BUILD.md,measured_summary,864,0b1107afc3d9aa98920356adde94f742e2ff54d2280243bbcfde7063fb185cab,include-in-minimal-package
research/results/zstd_workload_build/ZSTD_WORKLOAD_BUILD.md,measured_summary,872,f5de52abbf8f17172e46c7e29c25f221db3fe078b6fa2c0abb04f3d5487acfeb,include-in-minimal-package
research/run_app_conventional_baseline_gap_fs.sh,reproduction_script,1236,3afd8cb73697179c66c86296d7fd4533336cb95e4ec7e11b4bcb3fb224c48f7a,include-in-minimal-package
research/run_cache_service_app_fs.sh,reproduction_script,2699,32a4f728490fea82bcd9963f8aa61dbe6b1af2cf8e79403c1b1a1b57359c74de,include-in-minimal-package
research/run_copper_amba_sari_authority_bridge_top_synth.ps1,reproduction_script,597,1db510a6958a6f99c07d7633e6e3fed187b1656c64be68fc00e76a94aff92ad7,include-in-minimal-package
research/run_copper_amba_sari_authority_bridge_top_synth.tcl,rtl_or_tool_flow_source,786,6c19824ce3d4dc0f99c8b14e940792dfdbbf57ad8670eb2c9a10ae98311721c5,include-in-minimal-package
research/run_copper_amba_sari_authority_bridge_xsim.ps1,reproduction_script,768,a7a57ee40a78bb379ebc1702e51df199f51e130f02fccf12ab64036dfa476bc3,include-in-minimal-package
research/run_copper_amba_sari_frontdoor_regslice_synth.ps1,reproduction_script,810,641f9cd6fcbd507c903ad9684a52d0b119b9c4b4ed9ef40024af7184ea2d8ad7,include-in-minimal-package
research/run_copper_amba_sari_frontdoor_regslice_synth.tcl,rtl_or_tool_flow_source,567,36ccc6a2f83cb4849c1dc177599d21edaa0ee6bc35c7c2d7b375d3e3b09ba0c4,include-in-minimal-package
research/run_copper_amba_sari_frontdoor_synth.ps1,reproduction_script,783,b34abf02e02058f907fd904605ab5d43cabb95cbe9879a692ecc7bf6944fb6fd,include-in-minimal-package
research/run_copper_amba_sari_frontdoor_synth.tcl,rtl_or_tool_flow_source,466,4e91c9b42730c4f9e6098a0f29875ab9c3bd44ec81d75e7fdac0611f4ec22a11,include-in-minimal-package
research/run_copper_amba_sari_frontdoor_xsim.ps1,reproduction_script,777,31c080157e7386ed977e9d48eedfc144c5e809d5060be3499ab1d41d4d364e09,include-in-minimal-package
research/run_copper_authority_regression_xsim.ps1,reproduction_script,1338,8be05628920806960c667bf9adf5aa20b89ec3afd3fdb40f3e340eb802385b25,include-in-minimal-package
research/run_copper_cavi_authority_issue_gate_synth.ps1,reproduction_script,456,a127dc13bb41ebf3b17fdfe209ffebd650f7334aaa08ae66d66d0e0779a865b7,include-in-minimal-package
research/run_copper_cavi_authority_issue_gate_synth.tcl,rtl_or_tool_flow_source,671,b85ff47f28d3d16cf9189ab8edc14cd47f59d1a7b33b361ff81b83bdd60b95b4,include-in-minimal-package
research/run_copper_cavi_authority_issue_gate_xsim.ps1,reproduction_script,967,e45ea7e6b45e9ca08696d9b0889ac2ffbeab2f997d843ff4ee503407a8c61e49,include-in-minimal-package
research/run_copper_cepf_line_e2e_xsim.ps1,reproduction_script,637,0f5c40ccc402a7dcc1930a7e64501956c4cb57162e95fdeb067d7271e39f85a6,include-in-minimal-package
research/run_copper_clpd_ctlw_authority_e2e_xsim.ps1,reproduction_script,680,5a2202d5d589c2055970415b5188e2396699eac62aff15f2c1af1f0df120a349,include-in-minimal-package
research/run_copper_clpd_sram_activity_power.tcl,rtl_or_tool_flow_source,1677,9818e6f076330ba0fec8df3a23b479a9165b14c56a34208917d4c48ac8b410fe,include-in-minimal-package
research/run_copper_clpd_sram_activity_xsim.ps1,reproduction_script,933,772d578e763c7e1e0a36f1283210ae44365fdb5a2a8570f24bcd3010bbe5cd76,include-in-minimal-package
research/run_copper_clpd_sram_dir_impl64k_a200t.ps1,reproduction_script,717,85a1b38086b1d439cc70a38201b5f4ac8925f7361fda6315946934670c81808b,include-in-minimal-package
research/run_copper_clpd_sram_dir_impl64k_a200t.tcl,rtl_or_tool_flow_source,715,bc81ee1d8ab55aa3c2387f9f6862ab60fd4f763e731c7d36ab1e35edef40d4a5,include-in-minimal-package
research/run_copper_clpd_sram_dir_synth.ps1,reproduction_script,693,3816988bb293b45576649b2863d5c1fc18a5cbcf1f66fd4a4d162166f44bd603,include-in-minimal-package
research/run_copper_clpd_sram_dir_synth.tcl,rtl_or_tool_flow_source,366,68feec53f15d19ed2252748f05d889de3a8ff708e9fb8bb3e8d919b0e40fcce9,include-in-minimal-package
research/run_copper_clpd_sram_dir_synth_a200t.ps1,reproduction_script,711,410507e46b6d0a73830f4133911eb8eaa6e0bcb71bdfcadc2d60f4ab7c44d275,include-in-minimal-package
research/run_copper_clpd_sram_dir_synth_a200t.tcl,rtl_or_tool_flow_source,825,5e2d5625e11ddce906b1a5f61aeffbd4c89a2d05e9d78ecf8ae6caab16da74d0,include-in-minimal-package
research/run_copper_clpd_sram_dir_synth_extended.ps1,reproduction_script,720,6d2bc197805ffa5f56f1e02e6d9e00d091cec0685df9026d7fb2c26d1641dd76,include-in-minimal-package
research/run_copper_clpd_sram_dir_synth_extended.tcl,rtl_or_tool_flow_source,804,0243c10287bab108db6c371d5e6f45c590fa21676dfdbf89c265d478279b464f,include-in-minimal-package
research/run_copper_clpd_sram_dir_synth_sweep.ps1,reproduction_script,711,dfc96d0db1d20987799bfcaeb20c593a3116e4ac61f754035abe28d0ed157beb,include-in-minimal-package
research/run_copper_clpd_sram_dir_synth_sweep.tcl,rtl_or_tool_flow_source,840,db0ccff7fa952fe5ace959d7dabd8218210e9dd26d2364821a111d7cde781dd6,include-in-minimal-package
research/run_copper_clpd_sram_dir_xsim.ps1,reproduction_script,569,9920ae48b440c6e0046234160187746c1b2cbd8f04f3513400ae9df9e17e87b2,include-in-minimal-package
research/run_copper_clpd_sram_saif_power_from_dcp.tcl,rtl_or_tool_flow_source,1220,d1059cd132ffa898a96d66cc188216533e000e7de0c367bd1ca84d35890ebe3a,include-in-minimal-package
research/run_copper_clpd_sram_tcp_process_activity_xsim.ps1,reproduction_script,1612,d730de65ee4bb1de39895bc623def364badbdd34604f7570799c6743f6dd5cc0,include-in-minimal-package
research/run_copper_clpd_sram_tcp_process_saif_power.tcl,rtl_or_tool_flow_source,1730,87016ec23ca5417e41e372a2592763075e70420d2aeb678c42d9370cb0c304cd,include-in-minimal-package
research/run_copper_clpd_sram_workload_activity_xsim.ps1,reproduction_script,1554,2b221b85c616c374440cdf55cf62077ccc3ab7be694dd160ac85f46def4e4e44,include-in-minimal-package
research/run_copper_clpd_sram_workload_saif_power.tcl,rtl_or_tool_flow_source,1709,e0695c7bd56b390a5e608cb8d6cbb70b8a54d991d05f96b3584701243f5ee251,include-in-minimal-package
research/run_copper_clpd_synth.ps1,reproduction_script,287,ddf4be0fd31338fac006ae6c909293d67ef424fe9ac681cb3dd1e4955f7eb355,include-in-minimal-package
research/run_copper_clpd_synth.tcl,rtl_or_tool_flow_source,331,c9280b66a211457278a371fdab1aec25c3541893f9a233e6afff050d66ff4e87,include-in-minimal-package
research/run_copper_clpd_xsim.ps1,reproduction_script,549,de306a950c83c31f450c6aba3e3759441c14e9de92d6858915ed6321960225c8,include-in-minimal-package
research/run_copper_commit_epoch_synth.ps1,reproduction_script,295,ae3d762d596cd3e72124f296b2a15f1e5668967a3e454f7f9ecd090f2b71ee6e,include-in-minimal-package
research/run_copper_commit_epoch_synth.tcl,rtl_or_tool_flow_source,395,b437a1dff1dd462b1b380902edbb8d79146209a1f378e685b7ef5ef47b1eae25,include-in-minimal-package
research/run_copper_cs_sari_synth.ps1,reproduction_script,613,1cd6044ab9a2d070bb67ec2d1baeeb3288dfca30e2a5629d044d3c56d68057a1,include-in-minimal-package
research/run_copper_cs_sari_synth.tcl,rtl_or_tool_flow_source,435,c8a234fa43e1f6a2f825c31fbf4080517434c16f88466c6a21051b2b45959997,include-in-minimal-package
research/run_copper_ctlw_full_authority_e2e_xsim.ps1,reproduction_script,651,37574e903fe000547abd0d91c98cafa9a35b1d40ed87db72aa8a5b4d07559174,include-in-minimal-package
research/run_copper_ctlw_witness_xsim.ps1,reproduction_script,584,d76440c6201f4b1d09375eab667c16ae2181b563405d59d457c7c0f85f37e3fe,include-in-minimal-package
research/run_copper_direct_xsim.ps1,reproduction_script,2642,479a6f228641ceb26f7dcf855aa9d0988c7ed712109078198d7e18a220b09d18,include-in-minimal-package
research/run_copper_full_authority_sva_xsim.ps1,reproduction_script,595,4ea548de8385ec0803c1299ea8002ab3ae38b71e43c3c4808057d1d42dae7570,include-in-minimal-package
research/run_copper_full_authority_synth.tcl,rtl_or_tool_flow_source,391,26c922ee8b00b25d59e1d6bd5c7ed1b129d9cf82bc8065fc2c3b2beac3596d24,include-in-minimal-package
research/run_copper_full_authority_xsim.ps1,reproduction_script,599,cb67d18eeba345cfc4b6c9c8a9108ca60c0e9739542ed61f9fa2d8a7f79b5c6a,include-in-minimal-package
research/run_copper_full_lsq_amba_authority_top_synth.ps1,reproduction_script,588,3c51a081258491642eb69b1e0dba48830f1ae91a9361a8f4b1a324791cc0fb31,include-in-minimal-package
research/run_copper_full_lsq_amba_authority_top_synth.tcl,rtl_or_tool_flow_source,892,c3260473c603f1e1b04d15ed01bb383a756ed9df556b9ed1c6903de73e2403d0,include-in-minimal-package
research/run_copper_full_lsq_amba_authority_xsim.ps1,reproduction_script,944,44e4a8ac939bbe5135065bf522e0b805efa8a188f8b79458748fd35c03994aa6,include-in-minimal-package
research/run_copper_line_synth.ps1,reproduction_script,287,df0c2e88b4eea319059aeddc76a434aa5d8d62c44da8484af610b60af97b7ad7,include-in-minimal-package
research/run_copper_line_synth.tcl,rtl_or_tool_flow_source,353,0f0c015943d3366f811551817afe7ab43537780f0546c69edb5e3d91a207065f,include-in-minimal-package
research/run_copper_lsq_cepf_line_e2e_top_synth.ps1,reproduction_script,789,ebadcafce84c6ef8a7479d6ab6ac1aebd5c646fca2cc64309de7f7d6a78a310c,include-in-minimal-package
research/run_copper_lsq_cepf_line_e2e_top_synth.tcl,rtl_or_tool_flow_source,654,91bbbe441c82f34a97e240582c03e444d4ac9a954c428dd0b9aa3fd8e79a9f8b,include-in-minimal-package
research/run_copper_lsq_cepf_line_e2e_xsim.ps1,reproduction_script,703,e80a3adb811ba4c7c9783dea5515adef035ff26e52935b6884ac8fcfc6384557,include-in-minimal-package
research/run_copper_lsq_source_tag_tracker_synth.ps1,reproduction_script,792,37dd9737d612a1cdd71bb52e1e51d4858419cac9da692627c928fa51d4882d31,include-in-minimal-package
research/run_copper_lsq_source_tag_tracker_synth.tcl,rtl_or_tool_flow_source,481,043de7af1b55e0ef455a02ed3d7d48df5f05a0bf75d1aa623eaf9c4221290ed9,include-in-minimal-package
research/run_copper_lsq_source_tag_tracker_xsim.ps1,reproduction_script,614,c6374ebd37d46f6ce6b5c152e939bf2362d9e99e47c6f99e3cb2e45244967d32,include-in-minimal-package
research/run_copper_peb_synth.ps1,reproduction_script,735,5f79a41d6d4373a5f891726a7576d5b1de5a2b3ea226aac5bef341de2d00fb6b,include-in-minimal-package
research/run_copper_peb_synth.tcl,rtl_or_tool_flow_source,384,1a3ad6119cc93b94f04d24a8102b27b5428d7ef02483b514295b10bb6e3c5a8e,include-in-minimal-package
research/run_copper_peb_xsim.ps1,reproduction_script,629,3ce2ec8d3a4bb4377ab8cdda2b7687fee55711ec630838f76a7c7d5902a1e8d5,include-in-minimal-package
research/run_copper_rocca_clpd_commit_adapter_synth.ps1,reproduction_script,456,d985b9ee8139331a5aaca5996657b22c32265523fc1ad8eed4083cff4219d8b8,include-in-minimal-package
research/run_copper_rocca_clpd_commit_adapter_synth.tcl,rtl_or_tool_flow_source,624,70d1b29f3bcff77f88c15118079566c7daef36ad9a9dd081fbe0ce7f479bef1d,include-in-minimal-package
research/run_copper_rocca_clpd_commit_adapter_xsim.ps1,reproduction_script,860,6fdffc7bd9441ff2219dbf275e942121d1d0683e0999f5977bf613665d0b0bf5,include-in-minimal-package
research/run_copper_ropl_lsq_retire_guard_synth.ps1,reproduction_script,570,5d6372d15373df0c73d5db8e42cb780679e13fb4fd97a91f4e50c022c0642362,include-in-minimal-package
research/run_copper_ropl_lsq_retire_guard_synth.tcl,rtl_or_tool_flow_source,554,9ec6d7e35be1ff8a4d2e1b806b007ff8200111b68904a7c508e702790d9a7145,include-in-minimal-package
research/run_copper_ropl_lsq_retire_guard_xsim.ps1,reproduction_script,789,d93a85df95061136b420a910ab6b0d7be75566ed5d03b090a3d3f7b654e53040,include-in-minimal-package
research/run_copper_rtl_power_proxy.tcl,rtl_or_tool_flow_source,2468,f6c7a6404dfb99fc88d13e488d5a417351954fcfe179f869bb1ce01575e8b23c,include-in-minimal-package
research/run_copper_sari_clpd_ctlw_authority_e2e_xsim.ps1,reproduction_script,732,8594db13594b5b5fbf0b8c60bb2252a571d1cb99d65b101e96ee18d611b3ea4a,include-in-minimal-package
research/run_copper_sari_revoker_xsim.ps1,reproduction_script,564,83188f1f73b630f5faf970c312b07f1cef9fa29fadb93bab1b4feda47289eb1d,include-in-minimal-package
research/run_copper_sari_scoped_authority_e2e_xsim.ps1,reproduction_script,727,6b25bc0380e6d50f38fa6cb21ede8579f25f0ee40f476e612afd5cdaa930ee6f,include-in-minimal-package
research/run_copper_scoop_arbiter_xsim.ps1,reproduction_script,619,1fffafb4b084c5d686996393cd45e0dd4ab273e7e77016480f5e039376c4d1e0,include-in-minimal-package
research/run_copper_synth.ps1,reproduction_script,605,2a6aaf63fb83b67aed2695c40df10d4834fcf7d64581082cdfbe6c179cb6fd2f,include-in-minimal-package
research/run_copper_synth.tcl,rtl_or_tool_flow_source,379,dc1a467fcf25fa8616d2efe69c6a410ce0ed71fd04e983f4127d476c2699c9fd,include-in-minimal-package
research/run_copper_tlb_coherence_authority_filter_synth.ps1,reproduction_script,597,00da7cc4b438629a7cfae59f9f3329f05216b7fa70bd4ece5b3110a9879949ba,include-in-minimal-package
research/run_copper_tlb_coherence_authority_filter_synth.tcl,rtl_or_tool_flow_source,521,7d8451be84fc22807e1613090b0a28ca7d554fa595e3d877f92d9fc9579897a9,include-in-minimal-package
research/run_copper_tlb_coherence_authority_filter_xsim.ps1,reproduction_script,843,9aa3ee89853e1d3336e3720aa6db76805d4a418aa98147134baa5226df5c4c2d,include-in-minimal-package
research/run_copper_xsim.tcl,rtl_or_tool_flow_source,389,fcef41c603b863ccec91246bcd2aef6c46813c8141aa169d6d439e75afef3bb2,include-in-minimal-package
research/run_dmp_oracle_probe_fs.sh,reproduction_script,2538,f3a46649e1d4d85e7d0f9275cf210d56077e6ccad6b7b6dd9de54a39813d87aa,include-in-minimal-package
research/run_dmp_oracle_split_seed_sweep_fs.sh,reproduction_script,732,709b114e393763fd565024a089f070ba83bae9e9b726c58b435ec9ca58d69f4d,include-in-minimal-package
research/run_duktape_medium_app_fs.sh,reproduction_script,322,d8ac1964b901293768ba98811420d21d767e2c01128fb4281fd541cba3ceafd5,include-in-minimal-package
research/run_duktape_object_app_fs.sh,reproduction_script,2619,ae5cf09502c5ce61d57113a017b3fcac61837fe0c310b32ef63199d13ba0f9c2,include-in-minimal-package
research/run_duktape_stress_app_fs.sh,reproduction_script,322,8ec86c346a5d2ecc8268f43b487c0f16f087e601c8e8852d29b518d78cfcb0ae,include-in-minimal-package
research/run_duktape_stress_conventional_gap_fs.sh,reproduction_script,249,b7faad74a7cfbf4959dacfb44462e1aaff870be702b7752386cd0ec55b5cfe54,include-in-minimal-package
research/run_expat_xml_app_fs.sh,reproduction_script,2279,a9af3be7dfb0adc5619fa4ee35d200557ecd8efce8d832b998e08386e1df7993,include-in-minimal-package
research/run_gapbs_official_g14_fs.sh,reproduction_script,1614,f94d7f71d488715da6f98f901f58dd8876afdd91a43d18b5f70be36277d115f8,include-in-minimal-package
research/run_gem5_msys_build.sh,reproduction_script,161,a7b0c08c06f362d13543748cf6c1727c98932dd6e723338a8ac73409cdce1e57,include-in-minimal-package
research/run_gem5_msys_fast_build.sh,reproduction_script,162,ca9ce67e58c6f93026c494e45b4dfb848872b55c3ee15ddf64304e8acb3e3225,include-in-minimal-package
research/run_heap_clpd16k_full_fs.sh,reproduction_script,946,31afdd845e08707d8479f38402f5e03156c4c5757f9310d1d7b8f4e8b01c8969,include-in-minimal-package
research/run_heap_roi_fakeonly_fs.sh,reproduction_script,1992,4aac958b0288175ed17573fa049e6a769bb7705a7dd9e39e673f7323511a3602,include-in-minimal-package
research/run_heap_roi_seed_sweep_fs.sh,reproduction_script,1715,1a0c932f05b4f7633e36d2f316c99e32465741a715f4eb38366b80671fdcebfc,include-in-minimal-package
research/run_heap_roi_sweep_fs.sh,reproduction_script,1577,2ed7d1886ae99afc92c710b39a804d52f3a558dc2174ceb245831e736a83c0e2,include-in-minimal-package
research/run_json_sqlite_ingest_app_fs.sh,reproduction_script,2613,4e8bf8e1003c33f2861995724199c615c445e6bee295229319adf006f31ab665,include-in-minimal-package
research/run_libarchive_tar_app_fs.sh,reproduction_script,1953,2c1e2d800097cc227d1bbee1da1e5cb1a02246231001d1c51b21923037d14f25,include-in-minimal-package
research/run_libxml2_xml_app_fs.sh,reproduction_script,1963,f2d8de14da9493a018e1ba96ca8a423d9f74a82c10dc135e86aba2ef9b6d5820,include-in-minimal-package
research/run_lua_medium_app_fs.sh,reproduction_script,269,8d237b970b0a15b18d7f10e61637a5bcfbf4c4c9b2800cb5618df14c11b17f7b,include-in-minimal-package
research/run_lua_medium_seed_sweep_fs.sh,reproduction_script,385,2f49b3bed9237bd2d5c4966659bba8dd769a9f8dee5891b51e4cc555720b2b58,include-in-minimal-package
research/run_lua_small_seed_sweep_fs.sh,reproduction_script,327,e8d4a83928fc37193a3007c46003cf7efcbab79f5da51792d555fd53a1c4f5ee,include-in-minimal-package
research/run_lua_stress_app_fs.sh,reproduction_script,319,b1416f9d60d5721e1661f98331c43dcb5f0857660d16118196c9272092c4a43e,include-in-minimal-package
research/run_lua_table_app_fs.sh,reproduction_script,2570,ea88ecf6225f4dfc2846012bcbf86dd30eb8387d6a15dca4e2c605f06e019ac6,include-in-minimal-package
research/run_mibench_patricia_fs.sh,reproduction_script,3155,add6e142df6757a4bb38d9a4e773193f1c06f75370abfa9b4ee712dfe2352e98,include-in-minimal-package
research/run_mibench_patricia_large12288_campaign.sh,reproduction_script,398,ca42433f050a0138d45705be62921d4c1395ee23a2600db6eca2f566da9dacc4,include-in-minimal-package
research/run_mibench_patricia_large12288_seed1_campaign.sh,reproduction_script,404,1563c7d9224caee150f64d5ecd014698f20f560e29848525cfa08bd9a41e08cb,include-in-minimal-package
research/run_mibench_patricia_large16384_campaign.sh,reproduction_script,398,c5c05f0abaa60917d8a0fcffcfe96fb1745607301a38a237c47fbf1f1be648d6,include-in-minimal-package
research/run_mibench_patricia_large16384_non_naive_campaign.sh,reproduction_script,387,4b32108260a3e488ed99b6afca4221e7cdf1b043c6001fef5daac2459b9e626f,include-in-minimal-package
research/run_mibench_patricia_large32768_campaign.sh,reproduction_script,398,89095fda28b15b26302fd4584a9b14362e06dc10090d36fa464badc94666c3cd,include-in-minimal-package
research/run_mibench_patricia_large62721_campaign.sh,reproduction_script,399,c8cc4612283081543c8dd1f03b7a560fd36e5f486d26f29ead3eb3f7809ebab9,include-in-minimal-package
research/run_olden_builtin_baselines_fs.sh,reproduction_script,1145,90319e346920405f001e96f0a4cf2a8bde3844321e249ebe2d52af8521961779,include-in-minimal-package
research/run_olden_extra_builtin_baselines_fs.sh,reproduction_script,1349,71e0f97ea6d10b6afb4ab313b27a3e5d2b119a0d85e529017afb82397e0caf0e,include-in-minimal-package
research/run_olden_medium_builtin_baselines_fs.sh,reproduction_script,1184,2785c93335599da14b7a6017f8d390c9bc7ac3f3ed7bd47adab3f86638153314,include-in-minimal-package
research/run_olden_medium_randomalloc_fs.sh,reproduction_script,1297,c401f25956a2d47fc73ca4a056184147843788d25825f16768c7f449aa965386,include-in-minimal-package
research/run_olden_suite_fs.sh,reproduction_script,1239,aab02c890b184fa3656cb2e87f75282a528e66408eb8c97d57735c5317fb64fd,include-in-minimal-package
research/run_openssl_cli_aesctr_fixed_fs.sh,reproduction_script,2422,088ee62b18aebcf3bb3409a88099b6065a2f6f8f21486519da904d76e69c923d,include-in-minimal-package
research/run_openssl_cli_fixed_fs.ps1,reproduction_script,5282,615c2a0fd62105443269317a82bbb6d559c5546f041fecca9ae5c02de942ee2d,include-in-minimal-package
research/run_openssl_cli_fixed_fs.sh,reproduction_script,1992,ca07c6ab09f1953b23f500343a8b7015c1cce07d76a8f69f466f08057fedc6aa,include-in-minimal-package
research/run_openssl_cli_hmac_fixed_fs.sh,reproduction_script,2083,835933a9b109779d8a1c07c27909272dfc5a01e9e5fc07a5772a6f223a32f296,include-in-minimal-package
research/run_openssl_crypto_suite_fs.sh,reproduction_script,2557,38ee46c330872e80cdcf840ea682da79ac81c872feec122d4f8ef416542939af,include-in-minimal-package
research/run_openssl_medium_seed2_campaign.sh,reproduction_script,593,5d0ae52cdf21e475466a0fedbeb6cd522ecc5f9baeadb47c206bb7210339ca30,include-in-minimal-package
research/run_openssl_sha_service_fs.sh,reproduction_script,2521,d8e3841fdd2c31ee816d03f21b00030990b4ddfa8c2aaeafe2dc2a00f3495c2e,include-in-minimal-package
research/run_openssl_speedlike_fs.sh,reproduction_script,2211,fa1dca4ba643fb0f5bb6adae289a47bdce7d1831f36ca89f631b2603fe638b97,include-in-minimal-package
research/run_openssl_tls_bio_fs.sh,reproduction_script,2558,7e204df52df12b930f2f9608318ea45e8c3eec723ad859d31737177b3335764d,include-in-minimal-package
research/run_openssl_tls_socket_fs.sh,reproduction_script,2572,4f0482a84cfb28d69dbcf7420df80dd76e212fdc468882aa57352c15636c1e9a,include-in-minimal-package
research/run_openssl_tls_tcp_fs.sh,reproduction_script,3581,b2bb1cc79ed41ceb5ca5f8d3fd1a310fb974e4e452c901b4ad2c943e573fb842,include-in-minimal-package
research/run_pcre2_regex_app_fs.sh,reproduction_script,2433,db2079060022790060985af2610da64dec39634c316e88e1c775a28b3d5c037f,include-in-minimal-package
research/run_public_app_medium_seed_sweep_fs.sh,reproduction_script,720,cb0f707dcc49083e8919d9d1e1065ba3aca5c269f14f2d270182b4d16e105125,include-in-minimal-package
research/run_public_app_stress_seed1_fs.sh,reproduction_script,2127,540151979ab24d5f1dd61cb57ceef8c39e494dfd66ab3a8f6a6601bf1a4ded25,include-in-minimal-package
research/run_sqlite_pointer_app_fs.sh,reproduction_script,2681,a0b5a4a31e63644c883b8cf13d49424a425e83228f19211d4a35d7af01fac21a,include-in-minimal-package
research/run_sqlite_speedtest1_fs.sh,reproduction_script,2399,08e5fb48709c9a8c56d6356cd13fc0783f16ca3cc497d690c1aa79802e88590f,include-in-minimal-package
research/run_sqlite_stress_app_fs.sh,reproduction_script,343,624a25fe924f5868ec929f9048afb6c6c507a0e53602ac08d8778dff582899fd,include-in-minimal-package
research/run_struct_mix_fs.sh,reproduction_script,1164,4f69473d2bcad06bc944270a31d20fb2fddddbe9ffbdb4679dad4b61f061b3a7,include-in-minimal-package
research/run_tls_session_app_fs.sh,reproduction_script,2743,6d14c1b948f797f7242e1f60df3b542c78b791bbcbe43a435e9de79a6eec56da,include-in-minimal-package
research/run_yyjson_app_fs.sh,reproduction_script,2602,b37157cb2cc5c19a824814414a105e5262ba0f417b1f65ec71f3f3674254032e,include-in-minimal-package
research/run_zlib_app_fs.sh,reproduction_script,2198,2d230bfe305cf0d64f4b7257276823ed15e55e49c32cefe04ae1b2bdc34b7e3f,include-in-minimal-package
research/run_zstd_app_fs.sh,reproduction_script,2166,d0d394b26bffe2f1d8dc832dbd8d7cd9e87dc40f4b3b3c87c1a8e342eb127e98,include-in-minimal-package
research/scoop_companion_state_space.py,reproduction_script,4243,6e6aa03dc7cfd08cc7481603a578ac544b38c7a5d3678d106cb1d4c74db327b2,include-in-minimal-package
research/setup_vivado.ps1,reproduction_script,380,b106aaf0fc2372f7f272de7cb68e5f677aeb7cd5bcfc147848f4cd3fd5212242,include-in-minimal-package
research/summarize_application_workload_portfolio.py,reproduction_script,11590,6db59308c37d0247a13a02c95c63bc90bda116c3bf481186a1f40a9757e1b949,include-in-minimal-package
research/summarize_cache_service_app_fs.py,reproduction_script,10133,fa2b7427169117d5e534852211a59b73312563591266f5ec33750a4d30f9d013,include-in-minimal-package
research/summarize_champsim.py,reproduction_script,3669,cadc6a322cd565334ff572781d8fd01672634f3997e180d902ee0a22f8623953,include-in-minimal-package
research/summarize_clpd_sram_synth.py,reproduction_script,10699,8b2ae12a6f21a8b9586b197df0496b86b2e4796af386c3a162da34d9a1910bf0,include-in-minimal-package
research/summarize_compression_seed_stability.py,reproduction_script,6135,f92f307ac5dfedf1ee0e8174267b698c436ab8bd6f4dae28a587436d5bbaa9c3,include-in-minimal-package
research/summarize_copper_clpd_activity_power.py,reproduction_script,6545,a0918e7246ee5f77953b4f6d0e444ae297d91c9a72a3c805550e473eb4ee7b52,include-in-minimal-package
research/summarize_copper_rtl_power_proxy.py,reproduction_script,10854,7e834a4d4372fa08374b871e2471b53936c1f2f22d405927ba4ef689ec2c0f98,include-in-minimal-package
research/summarize_copper_tcp_process_clpd_activity_power.py,reproduction_script,8062,7b3d0a2513fa9d23f9260e5b58827abcb9ab05939889d0efd1dac2a45678dd43,include-in-minimal-package
research/summarize_copper_workload_clpd_activity_power.py,reproduction_script,7427,88d2543e15ed242a655b6f28a07ed858d502c816c6fd9eb9194bd1bbb78ce4bf,include-in-minimal-package
research/summarize_dmp_oracle_observer_seed_sweep.py,reproduction_script,4807,f2bb81ee829b3ea26ed694956a14f7c566cbf687e8641787242fef25055f0d77,include-in-minimal-package
research/summarize_dmp_oracle_probe_fs.py,reproduction_script,13742,4418c76ddfdf76e0d34de4aff98239fe22e9e7e9c928467257dce653f7da5f7b,include-in-minimal-package
research/summarize_dmp_oracle_split_probe_fs.py,reproduction_script,8942,35159426500cbc8f1fc237ecdfa7cfb4340d3a318c01be31e8690757dfcc70b4,include-in-minimal-package
research/summarize_duktape_object_app_fs.py,reproduction_script,8347,a3120199c4ec27c2c929766a8c9e3367216516a915ece614a5b7a90ce8ff4dad,include-in-minimal-package
research/summarize_expat_xml_app_fs.py,reproduction_script,9513,649243f5136a23952a273151d5a88f8415b90116a1144e2151f006823041c55d,include-in-minimal-package
research/summarize_gapbs.py,reproduction_script,2664,2718ac91a241e4264d88de8d0114fea855fcfc6945d5ca78c37862d45369d2f0,include-in-minimal-package
research/summarize_gapbs_mini_large_fs.py,reproduction_script,8675,7aa947a4150127f704bc4d67185d3f930c0f370671a83e37f348ac50a4638984,include-in-minimal-package
research/summarize_gapbs_official_fs.py,reproduction_script,7251,cd556a4ad4f293041f116f1ea47586fc839c98d74acbe974e26972112f307ed0,include-in-minimal-package
research/summarize_gapbs_official_suite_fs.py,reproduction_script,17517,2d82a665b07c6a01f2be2981fc906e7c8724aec267712dc64df0223cd41c0982,include-in-minimal-package
research/summarize_gapbs_official_suite_scales.py,reproduction_script,3986,176f56546085ffe46700abde2cead61a55d3e0c395ddabf3b081774980ffb21e,include-in-minimal-package
research/summarize_gem5_copper_results.py,reproduction_script,19920,456c122614bcc04d8213d437dbfbf0e07db40b3adb439155d1c438c27a18ce3e,include-in-minimal-package
research/summarize_heap_pointer_roi_fakeonly_fs.py,reproduction_script,9990,2eb0a16840dba8251513727479dc61434c51d63a84c97c712bc18391f0e69204,include-in-minimal-package
research/summarize_heap_pointer_roi_fs.py,reproduction_script,11510,e62b24f64503eb7e2b9e484f558046e8bc3d08d674cae80fb52e91f95fccd87e,include-in-minimal-package
research/summarize_heap_pointer_roi_seed_sweep_fs.py,reproduction_script,10308,2067f0de9a92a6b897ef8c3be18a384394d541be30a8e53305c69261f8fe9bdc,include-in-minimal-package
research/summarize_heap_pointer_stress_fs.py,reproduction_script,10983,81008765eb512fb0e08f3cfe0509f06407e752d05c7e9ede3336abaad5fcfc84,include-in-minimal-package
research/summarize_json_sqlite_ingest_app_fs.py,reproduction_script,9927,4b984dfeb8bb1415d985df5c2de04ea78f78d3a965e822563eb96030ac57b4c0,include-in-minimal-package
research/summarize_jsonsqlite_seed_stability.py,reproduction_script,5239,ab841b06402600fe9a936c224f9a13785489a456dc067f7a5e64c95956cea04a,include-in-minimal-package
research/summarize_jsonsqlite_stress_seed_stability.py,reproduction_script,5267,33f07548b451f1e6c48dd0c34389e2e96603084400ffd16fe2c9ccc782b176fa,include-in-minimal-package
research/summarize_libarchive_tar_app_fs.py,reproduction_script,9982,d2414bef4aa3cbddfc0853492d5182391f6c5cdea2b2f83a9dcef7f1ae79c66d,include-in-minimal-package
research/summarize_libxml2_xml_app_fs.py,reproduction_script,9954,624f69f05a0dcbac4714612585f0ac8b7c87eb657dfacf9de0a019f8f577dc5c,include-in-minimal-package
research/summarize_lua_duktape_seed_stability.py,reproduction_script,7609,b2962a17f7052586131636da5674f4b42dc27764390f48d5e0ef382a49a2034e,include-in-minimal-package
research/summarize_lua_medium_seed_sweep.py,reproduction_script,6411,07702a9208e7dadd0fcc15f30711d625e8c39277d14254ed7c8d12ee6fb501e6,include-in-minimal-package
research/summarize_lua_table_app_fs.py,reproduction_script,9397,275a2b757dcc836a2d91ee3ec0c5f1c1d1b08f0e18d1fb8a16328d05bd24af30,include-in-minimal-package
research/summarize_mibench_patricia_fs.py,reproduction_script,10369,24a4f1204cc02e53f9cd022e2d25e1aa113dfa1c2e080535fd60971736cc51d0,include-in-minimal-package
research/summarize_mibench_patricia_scale_portfolio.py,reproduction_script,6804,9a320941dbb8e4bd9ff55a26ddbb4b6ebe4ad1db240737ff07607a1ff51f08da,include-in-minimal-package
research/summarize_mibench_patricia_seed_stability.py,reproduction_script,7031,83f0399683d56f8a5c7fdca38bea2cacf04800288bdc550faaa767df44aa1c97,include-in-minimal-package
research/summarize_olden_bisort_fingerprint.py,reproduction_script,5035,0c7420f7bf6d65d2cb48b5346b0368f06f13c65a332a38cdfb5cf995c97a7e62,include-in-minimal-package
research/summarize_olden_builtin_baselines.py,reproduction_script,4084,395ba543ff1086c0b2247a7a592dc2f0567b54e3b4e82866a240e9d9d7d9bdb1,include-in-minimal-package
research/summarize_olden_layout_sensitivity.py,reproduction_script,3068,8e5eff275d6d181368d195f865ed18ab88e60a929fc6e593b17ad65ccf414992,include-in-minimal-package
research/summarize_olden_scaling.py,reproduction_script,3599,dd9c996c3b14f80a2bd627ef8a505a254805ba74944f81ac0b2d99361fa1fadb,include-in-minimal-package
research/summarize_olden_suite_fs.py,reproduction_script,10317,dd39bad889abf773cc8a3d3d824ef2d359fff808e03a5ee8d1e7971c550c5d73,include-in-minimal-package
research/summarize_openssl_cli_fixed_fs.py,reproduction_script,11800,15800ce74a886cbd6ad7a18f7307e6b4f3830d32b3146a189953c5be0266f687,include-in-minimal-package
research/summarize_openssl_cli_seed_stability.py,reproduction_script,7799,350539d6c18b407c200c683080e1c2d9deea30fa4abbcebb41ed3e3604292003,include-in-minimal-package
research/summarize_openssl_crypto_suite_fs.py,reproduction_script,9203,38a807b383944bd57fd887694a054630ce50cf90f987725d5b335a53a3a8c811,include-in-minimal-package
research/summarize_openssl_medium_seed_stability.py,reproduction_script,7127,946103ab0c3e5a07332ea578f061be4c6dfee30f90b7d0c7619befa7134a1435,include-in-minimal-package
research/summarize_openssl_sha_service_fs.py,reproduction_script,9111,b71617bc0776224d9342985bec3ff4c8401eea30ad5c08592d0e6180f93aba1c,include-in-minimal-package
research/summarize_openssl_speedlike_fs.py,reproduction_script,9238,e9f522bba999d7a1832b9272c7d41ab6aac4ffaf57c675cf96afcc612f9507d4,include-in-minimal-package
research/summarize_openssl_speedlike_seed_stability.py,reproduction_script,5427,3883ca81e5bcd1fbbae69809aa3c38228063a6f9ec7c2c644718f782af0db63c,include-in-minimal-package
research/summarize_openssl_tcp_process_scale_portfolio.py,reproduction_script,6816,567cf4af98ff0c5abb1670026c554c836623210ef782a032bebfa1040321faf2,include-in-minimal-package
research/summarize_openssl_tcp_process_seed_stability.py,reproduction_script,6837,9ec7a3c977decabf594a45107c08cb7937998b20eb36ec64bae236af61dc81df,include-in-minimal-package
research/summarize_openssl_tls_bio_fs.py,reproduction_script,9868,e8d70aae84e586915bc55582ee2818cfb34aa575d5643c90f07754d2215e50e9,include-in-minimal-package
research/summarize_openssl_tls_socket_fs.py,reproduction_script,9956,99f4961d7112920b69bbf18456ce37471bce282dbc86767cb7db2e8d0af652c1,include-in-minimal-package
research/summarize_openssl_tls_tcp_fs.py,reproduction_script,14966,74d6d51db69bd39308710007bbb080ea84cfd6b4c8ecc4f780f2bee17dc5a8eb,include-in-minimal-package
research/summarize_pcre2_regex_app_fs.py,reproduction_script,8944,885500a0f8a0fae9b891a9d1d903cc949c9c6a186c3210aad061fdfdf8cc20b6,include-in-minimal-package
research/summarize_pcre2_seed_stability.py,reproduction_script,6631,d27f0e3a018729e8b4a4433a03d50411da5aac781f810cd93dc1996656f2bbb9,include-in-minimal-package
research/summarize_public_app_medium_seed_sweep.py,reproduction_script,7528,bfddf0716af4270920be726bbc86b1f89b1020966f8cd082eb0792058d786f01,include-in-minimal-package
research/summarize_public_app_repeated_seed_portfolio.py,reproduction_script,8309,aa2b4d73086a28182a938e27e478b94c0e877d126a19c2e1376b405e1698b9a1,include-in-minimal-package
research/summarize_public_app_stress_seed_sweep.py,reproduction_script,7640,f5262606e5b0d5432f0108224d459ebf2203f568badc1e1708e79a0633181c7f,include-in-minimal-package
research/summarize_security_evidence_portfolio.py,reproduction_script,10163,368858a4fd2290fdf8d9f625ab50db87d5040184cb6007ed4e8f77a6ea4f9423,include-in-minimal-package
research/summarize_slack_companion_hybrid.py,reproduction_script,6559,caf48054ef8218cf7797abcc1d78105c5ce2151d265ec9f8193850048874d40b,include-in-minimal-package
research/summarize_sqlite_pointer_app_fs.py,reproduction_script,9671,b08b7de3510df0a6623b618b15875f3548673ba3c738e423428b6d711b3ccc01,include-in-minimal-package
research/summarize_sqlite_seed_stability.py,reproduction_script,6487,cd0b3561c244c0c9f939d76a5b6204d6114fbcf254e4081207b126cade492de3,include-in-minimal-package
research/summarize_sqlite_speedtest1_components.py,reproduction_script,5738,88b83a0befa24682f89dc0673bd81b8c7bf5e1328a57b8faff59ca2f9782ab35,include-in-minimal-package
research/summarize_sqlite_speedtest1_fs.py,reproduction_script,11790,1b81cf5234ee22bb88ee845ac971d9e531b8de0dae73867954e44772a54b0421,include-in-minimal-package
research/summarize_struct_mix_fs.py,reproduction_script,7762,db88396fcfaea6a8c7134a810a3da85b112c56483bb50d5e7faaab73aecb6e38,include-in-minimal-package
research/summarize_tls_session_app_fs.py,reproduction_script,10271,78a745f7bb6b8b9495b5d30d10cbda5e8c61939c645a1388e2a8ed8c608d0b2d,include-in-minimal-package
research/summarize_yyjson_app_fs.py,reproduction_script,9899,08721cf18e5c7ba1aea4f6c510d2eee11d3f0a1f0b929fcd4b77bf38497062cc,include-in-minimal-package
research/summarize_yyjson_seed_stability.py,reproduction_script,6138,6377b5013b69eee2cbf8af20fc971f1b42ef1d312145db7677206d0d6bac59ef,include-in-minimal-package
research/summarize_zlib_app_fs.py,reproduction_script,9826,db2d96e98598a1a0de1d0953826f4a5fb4c7ed642724f264ff88f5247d3bf3df,include-in-minimal-package
research/summarize_zstd_app_fs.py,reproduction_script,9238,6c7f1de1118129a70fe2b2979171096ce7a146519570bf6a4099f021bac2c3a6,include-in-minimal-package
research/test_word_pdf_export.ps1,reproduction_script,1808,b37b2b4b55ed06a3446df69b4b8b6122cc569296b6d468d29ac668b6ee3d169d,include-in-minimal-package
research/verify_copper_artifacts.py,reproduction_script,81193,432fc6b22d20cf9af2c9944cf657df311c919f48abe2efc50c6f9b70d1da1f58,include-in-minimal-package
research/vivado_read_saif_help.tcl,rtl_or_tool_flow_source,21,b1a71c708dd14bf4bf490a61f10651901c0e351ebf8961f3abad006bc8256fd3,include-in-minimal-package
research/vivado_read_vcd_help.tcl,rtl_or_tool_flow_source,20,c3cf3ba89d37efcce908be64c14eb35fa69073e4d4be1fdb5388d89b12af309c,include-in-minimal-package
research/vivado_tclapp_probe.tcl,rtl_or_tool_flow_source,1379,e20d54028569924416c7f73c4bbe19b4fb59c7f3758a586c54f55672d44c8747,include-in-minimal-package
research/vivado_tclstore_bootstrap.tcl,rtl_or_tool_flow_source,1442,d348082425c73f0b4eb34f8ba64287b731c791c06a8e4a6b9e3e23c769ae5fb3,include-in-minimal-package
research/xsim_saif_help.tcl,rtl_or_tool_flow_source,50,0c6f0548ed104626e2dacd05c3e6ad7977e7b4f7bb1172ce518e3ab35e4b3dbd,include-in-minimal-package
